token_address,n_syncs,WETH,prices,liquidity,num_transactions,n_unique_addresses,tx_curve,mints,burns,difference_token_pool,label,fraud_type
0xdd974d5c2e2928dea5f71b9825b8b646686bd200,56.0,96.59253141842373,0.0030503440414544345,3058709.7714297445,1155,729,1.0,16,0,5827049,1,none
0xa9fbb83a2689f4ff86339a4b96874d718673b627,10.0,2.640574232584517,5.4643752287888304e-08,127601637.62280254,29,21,1.0,3,0,249969,1,none
0x2260fac5e5542a773aa44fbcfedf7c193bc2c599,85.0,394.2949494610852,45.04276442716808,3451.575611481498,941,234,1.0,29,1,3324813,1,none
0x1beef31946fbbb40b877a72e4ae04a8d1a5cee06,12.0,3.283241410756914,1.2324695030171785e-06,8746402.353096442,55,40,1.0,5,0,5017619,1,none
0x08d967bb0134f2d07f7cfb6e246680c53927dd30,31.0,52.26200425171547,0.000815263902282869,3350224.4865229554,64,31,1.0,3,0,1485099,1,none
0xcc0168bd7dc5a3dc2310bc47004114687485f632,8.0,2e-18,2.8284262494926514e-06,1.4142140000000001e-30,9,6,1.0,1,1,25,0,liquidity_stealing
0x7a64595a3051d345d06cea3d36470415090ac92d,11.0,0.006892507854847357,9.414399580173182e-10,50461.704035998235,11,10,1.0,1,0,20,0,dumping
0x52590e6f7cc7d9620c7376cc926f0fa6617d2957,3.0,0.8595507035050871,0.4085939548411881,1.808219145540851,3,2,1.0,3,0,1258359,0,liquidity_stealing
0xd1e47a365800e57ac60e68ed15fb901d348c24bd,15.0,8.39657e-13,419828.49999999994,1.679314e-30,22,14,0.9403014280457092,1,1,48,0,liquidity_stealing
0x59252aca25e8b09704fd24aad67a3f2ab19b9a09,26.0,1e-18,8.570559271845285e-07,1.166785e-30,30,16,0.9983497957902983,1,1,15,0,liquidity_stealing
0x164e07ae48ca7774663e90732d44b324f2e3c679,7.0,0.35392231323542805,8.848057830885701e-05,1415.6892529417123,11,7,1.0,1,0,3548249,1,none
0xf2fac5ca2ea83c680f4a25917626a433c7abacef,9.0,1e-18,9.761544979246956e-07,1.024428e-30,13,12,0.6215841884659062,1,1,17,0,liquidity_stealing
0x87b3c4f82cbcc0332cc00c72538d6c4d6eb5ae23,21.0,1e-18,2.9326605419028803e-07,3.409873e-30,24,15,0.9213105944111863,1,1,15,0,liquidity_stealing
0xc7f6579e18f41c6507e86c211a505f5a2e98b8ad,74.0,0.07469957738957726,4.0844816034505165e-08,136615.3016203454,77,29,0.9572392012703659,5,2,108,1,none
0x67478bcddb2566e630b3b037490653412b9167a2,30.0,2e-18,3.470703789314397e-06,1.1525040000000001e-30,105,75,0.3344778864375785,1,1,359,0,liquidity_stealing
0xb2cf3a438acf46275839a38db7594065f64151d3,2.0,0.11022599115454922,1.9153979456841334e-08,634320.8811192058,232,144,1.0,1,0,705077,1,none
0x23996b50edc117c51c3c7176cfcb603c346e992e,197.0,1.294786716717539,5.07477098690122e-07,3303543.4428773704,260,69,0.45710290652665336,6,4,72,1,none
0x0000000000004946c0e9f43f4dee607b0ef1fa1c,20.0,0.4452335465180399,750815424145092.6,2.6402349308519764e-16,125,26,0.13483620507915942,6,0,407,1,none
0xbd6467a31899590474ce1e84f70594c53d628e46,13.0,4e-18,1.3039042151963518e-05,1.227084e-30,4341,931,1.0,2,1,663779,1,none
0x18a4979bbb4c88275d4575d66b9c9cd6bea0cd5e,1635.0,64.56702731756505,4.848341116841875e-06,859861324.9685576,1661,447,1.0,13,4,1972,0,liquidity_stealing
0x265ba42daf2d20f3f358a7361d9f69cb4e28f0e6,1386.0,375.04709840618443,0.0003299149625806724,426353278.80439264,1148,326,1.0500865127351386,10,1,0,0,liquidity_stealing
0xfbf1e2c2a05ab39538cc0cd8edd65cfb5ee56829,9.0,2e-18,2.497536804326733e-06,1.601578e-30,12,9,1.0,1,1,6,0,liquidity_stealing
0x97215b40e454b435d2871c9a74e9939133a58089,6.0,3.25682e-12,3256819.9999999995,3.25682e-30,12,8,0.9942474983359701,1,1,188,0,liquidity_stealing
0x427d5ddc79490fdf91b3cddcc2729a995d1d6156,7.0,1e-18,2.906479094131848e-07,3.440589e-30,8,6,1.0,1,1,102,0,liquidity_stealing
0x6754e1d9daa1986b41e6530d34384f0726a0db59,7.0,1.8e-17,0.0003200910481203542,1.012212e-30,14,14,1.0,1,1,13,0,liquidity_stealing
0xf6c4c1259ba6defe5120fb782b923ca3170d2357,7.0,0.1,1e+17,1.0000000000000001e-19,9,8,0.8966871789072733,1,1,443,0,liquidity_stealing
0x86165b4b86276bbbcce2e9abeacde07a67f8b960,6.0,4e-18,1.2707287629455493e-05,1.25912e-30,14,6,1.0,1,1,34,0,liquidity_stealing
0x4f18daf2513ea282952f8f6bec0f14527190ae75,6.0,6.4e-17,0.004047558816089047,1.0119680000000001e-30,26,13,1.0,1,1,25859,0,liquidity_stealing
0x98780638015679483b62e5f4f6560fccc1f9fcf0,23.0,7e-18,4.370110938387678e-05,1.121253e-30,24,18,1.0,1,1,9,0,liquidity_stealing
0xe712322c9c113408fb04230bb188541165447666,21.0,8.17715e-12,1.9999999379953604e-17,3.3432892097747217e-06,25,16,0.9872943993487591,2,1,18,0,liquidity_stealing
0x6554bd8c136ab9aabf83a6452480b2ee02b2c580,13.0,6e-18,3.441274648129667e-05,1.046124e-30,17,12,0.9155021004702649,1,1,48,0,liquidity_stealing
0xc2856a8310af421a2a65de16428c2dec6ceacb36,10.0,0.6831108634820242,6.334739170346182e-05,7366.371988787909,31,24,1.0,1,0,2275991,0,liquidity_stealing
0xed3fbb9d036bc133a9bdee5cd188f56cd2bb20f1,16.0,7.14903164e-10,714903163.9999999,7.149031640000001e-28,25,14,0.5755433405543793,3,1,134,0,liquidity_stealing
0xb6ee6bfa1db1a10383ba26be5ae9e71522836422,9.0,2e-18,2.093136187812924e-06,1.911008e-30,11,8,0.9149669606928523,1,1,89,0,liquidity_stealing
0x32609619a9eda1381170da591da0ca0cc8dd29b3,54.0,2e-18,2.9023953468797803e-06,1.378172e-30,64,34,1.0,2,2,1240,0,liquidity_stealing
0x99530d6c6978b41ff11cd804c94a79c8c3be60f6,25.0,0.3098420310831255,4.058415102825937e-11,2365506775.264777,28,14,0.4271768013663037,2,0,152955,0,liquidity_stealing
0x162b3b37aab1c09bd852f6227b17d4a5a9f60962,139.0,37.21392000863064,0.00015650034903828613,8849027.180571748,160,56,0.48871922709247934,3,0,113,1,none
0x35fbc59b87229d3beddbfb1d3c1d7a97ee0c4fff,913.0,56.18030759113221,0.0002428679268071476,12995651.597670492,1011,357,0.10838775234041025,1,0,15495,1,none
0x98e0438d3ee1404fea48e38e92853bb08cfa68bd,47.0,0.03910706866585558,2.2344182759605455e-08,68445.68163847888,185,34,1.0,31,1,5697562,1,none
0x308e019143b560215775a0c6efbd2673413d76e6,7.0,0.3896257286356396,0.0037760966915939033,40.20241556652891,97,21,0.9652004894797276,1,0,343721,1,none
0xb8b7791b1a445fb1e202683a0a329504772e0e52,9.0,0.6475353560002244,9.109117271339167e-06,46031.02855966351,47,36,0.7826589033423605,2,0,83578,1,none
0x744d31702d6344b0138f4bbd38868ed97c2565b1,401.0,4e-18,7.938130213118951e-06,2.015588e-30,817,138,0.16108337506332976,3,2,27,0,liquidity_stealing
0x59fd2bb79c529fcc3c338899290a6754682c8883,5.0,19.50826321266711,0.00041693231914227637,912791.6357206941,7,6,0.9999906400437957,1,0,154,0,liquidity_stealing
0x47512b788d4daea33a582238069bddd36d020d64,9.0,2e-18,2.7046288370231234e-06,1.4789460000000001e-30,11,10,0.6532415403549275,1,1,2349,0,liquidity_stealing
0x8e601412e77d2d9cc4d07b0778ba8f72683cb9c2,7.0,3e-17,0.0008798169980644026,1.0229400000000001e-30,9,5,1.0,1,1,1200,0,liquidity_stealing
0x6db741c5739fb79b89f45ff980eb7fe85279b78b,18.0,3e-18,8.660233075739512e-06,1.039233e-30,23,13,1.0,1,1,493,0,liquidity_stealing
0x1c08714404a9b450cfdf5e5f11e38bfea2c5ab19,17.0,5.22733692524e-07,522733692524.0,5.2273369252400005e-25,21,14,0.7784888888888887,1,1,306,1,none
0x378d85a331be27af499c14ca3a047266e1d3cb20,7.0,1.4e-17,0.00018511662347278786,1.0587919999999999e-30,9,8,0.9977287231084531,1,1,18,0,liquidity_stealing
0x0bc48b77df84d4e3d26d9c05442cfcda39bbf457,11.0,8e-18,6.158441298507348e-05,1.039224e-30,13,12,0.9999129872799513,1,1,2211,0,liquidity_stealing
0x9321224086c107a357b170a141e43d826963fa61,11.0,1e-18,2.2537848840639565e-22,4.436980685560507e-15,13,10,0.9698956554501116,1,1,31,0,liquidity_stealing
0xf4e6ae926d517483d7e82a12bb988487fd49ca31,9.0,4e-18,9.248832912896804e-06,1.729948e-30,14,7,0.9985404072420594,2,2,1726,0,liquidity_stealing
0xe620735b450703cc04076fed634ced9772c273c3,18.0,1.7e-17,0.0002849002849002849,1.0143899999999999e-30,27,20,0.9790423651040717,1,1,109,0,liquidity_stealing
0x5176d2b18e6b82e259f1af702867152b6af1a7a2,18.0,2e-18,3.377984660571656e-06,1.1841380000000002e-30,20,13,0.9689675269415187,1,1,54,0,liquidity_stealing
0xf0757c30c665b557c2fd73ce18bc5f99411a542e,11.0,7e-18,4.6786127244898634e-05,1.047319e-30,12,8,1.0,1,1,16,0,liquidity_stealing
0x5e73b40b0656188fca2108dc68cba930b3d2b88a,23.0,6e-18,3.1999829334243546e-08,1.1250059999999999e-27,25,16,0.717213044783016,2,2,101,0,liquidity_stealing
0x084eec254f0c8f8e4d3de68593772ed82ddf4edf,18.0,2e-18,2.6043192634985122e-06,1.5359100000000001e-30,19,12,1.0,1,1,48,0,liquidity_stealing
0xbec4a69d6a5fbcb2303c13d24ea1a51a6f19bd12,3.0,0.04288686729248046,25851035137119.023,7.114931283822508e-17,304,211,1.0,2,0,826594,0,dumping
0x3a43a35dbad2b2afcfcf58a63cff8d2799ae8186,16.0,1.1e-17,0.00011445576284765938,1.057177e-30,20,14,0.9774080277579105,1,1,630,0,liquidity_stealing
0x504389196a86272812150924cc86ff8c6e9541dd,11.0,4e-18,1.2548429093532854e-05,1.27506e-30,14,10,0.997533423157377,1,1,26,0,liquidity_stealing
0x4b3e3b17c1c453dc30bec1532116855479e16b48,14.0,3.2e-17,0.0010204732444671217,1.003456e-30,16,11,0.9833163066649383,1,1,20,0,liquidity_stealing
0xa65c0f468c6e679a5034d7dbd86cbed0040e8f7d,17.0,4e-18,1.2705067733892357e-05,1.25934e-30,21,15,0.30543153406198914,1,1,27744,0,liquidity_stealing
0xc0d059b0fa2c5dd17c5641c5b3ef812f0d39a673,10.0,3.298746045e-09,3.298746045e-07,3.298746045e-11,12,9,0.922321470594,1,1,54,1,none
0xd7f95d5973ae780555ef1c4bd2911f98826c0c36,8.0,4e-18,1.4352195706540657e-05,1.114812e-30,10,8,0.990666035150682,1,1,30,0,liquidity_stealing
0x08d4cceecd7f3e5f0fa3a69cd98e327714f60579,7.0,2e-18,3.5765698906463755e-06,1.1183900000000002e-30,9,7,0.9881277422135177,1,1,45,0,liquidity_stealing
0xcb6b9c92ccd628b735d3c1ddd1c67fdeeb5dcccc,17.0,1e-18,4.6641617008891765e-07,2.144008e-30,19,13,0.7561633257170121,1,1,442,0,liquidity_stealing
0x5095253483c3d7568997141c99f06bbb7971e888,11.0,4e-18,1.5337658553045293e-05,1.0431840000000001e-30,16,11,0.9791844106905769,1,1,14,0,liquidity_stealing
0x45887c4a6d7f1347fa823dfb3e5a6a342cf5808d,17.0,6e-18,3.227281284457951e-05,1.1154899999999999e-30,19,14,0.9721469359575361,1,1,24,0,liquidity_stealing
0xd020efbf200cd736a7cd0395474ada868550a53a,8.0,3.2e-17,0.0010130108582101366,1.010848e-30,12,10,0.9995626930440109,1,1,31,0,liquidity_stealing
0xa200ca694e55ba4ff82b100f508bf540a20790cb,10.0,2e-18,2.0000000000000003e-06,2e-30,12,8,1.0,1,1,40,0,liquidity_stealing
0xb2e457f0faa57f14c6680b965be7d78b9cb41969,21.0,1.73e-16,0.029735304228257133,1.006514e-30,23,17,0.15792663816924085,1,1,17,0,liquidity_stealing
0x77cdbd7cf24a3f8f54e309af0a52add4ba80cf59,17.0,2.3e-17,0.0005284926470588235,1.0009600000000001e-30,30,18,0.001123449739802311,1,1,10984,0,liquidity_stealing
0x5bae22c1af93de7ac8805337536039a9bd13fbf9,14.0,1.6354263565715368,5.92732975997859e-06,451235.12206591194,18,9,1.0,2,1,1340204,0,liquidity_stealing
0xd2db4a1c5e3156d147ae000328d493feb5f6dbd2,14.0,5.6e-17,0.003110074419637898,1.008336e-30,18,10,1.0,1,1,5501,0,liquidity_stealing
0xc626ed3fdf3e4297bf9f49cc37f35705133aac89,9.0,3e-18,6.9421143366231235e-06,1.296435e-30,11,8,0.9681510619650069,1,1,19,0,liquidity_stealing
0xf2dc35112aa1bc1fe48b295662825fb456e9e4b1,11.0,1.3e-17,0.00016052553590832757,1.052792e-30,13,10,0.9977946614703942,1,1,22,0,liquidity_stealing
0x8c650cf16f31fa92944e299405d6c1e09f950d0c,66.0,3.7e-17,0.0013278306118787008,1.0310049999999999e-30,69,10,0.9998041325752111,1,2,17,0,liquidity_stealing
0x01b9f7aca53edbf45b411a7a292b0c20227beac7,30.0,1.1e-17,0.000118690519864477,1.019458e-30,32,20,0.9278366981653939,1,1,12,0,liquidity_stealing
0xa14fd4159c6a56b3895ec9d054d0eb4e45a50d55,34.0,2.5,5.335894562723441e-05,117131.25,42,16,0.7751573022644181,4,2,1485,0,liquidity_stealing
0x2af2ef48e351e13acfe7ddbfaeb17e6702e66b49,30.0,3e-18,7.1619043981254905e-06,1.256649e-30,33,22,0.8697328921027224,2,2,21,0,liquidity_stealing
0x2d0917480d7b52d15228ceddf42944743f1c5a73,51.0,0.10807534598707828,4.6158824419825475e-08,253045.44812475622,52,6,0.6411808382589768,1,0,46,0,dumping
0x73fce158aa84d2584096d23d4eb5721c5b08781d,41.0,1e-17,8.999847002600957e-05,1.11113e-30,60,45,0.24149476706524525,1,1,445,0,liquidity_stealing
0x8af1ed18af94cbc846991731702111afbf904b45,41.0,8e-18,5.904581955597545e-05,1.083904e-30,46,32,0.9413792444247773,1,1,21176,0,liquidity_stealing
0xf439fd3b69d80c8ae374678db6b5b8040dc7e927,79.0,1.1629598350504415,1.1227980237828898e-05,120455.82101969143,143,63,0.44195022776729254,2,0,78769,0,liquidity_stealing
0xa0008f510fe9ee696e7e320c9e5cbf61e27791ee,4.0,0.8692456179039072,5.895217232355416e-07,1281696.5252750365,276,170,1.0,1,0,4712942,0,liquidity_stealing
0x4b1e80cac91e2216eeb63e29b957eb91ae9c2be8,18.0,5.714394684184284,1.5632110455326955e-05,2088925.0175113745,23,19,1.0,1,0,80,1,none
0xf911a7ec46a2c6fa49193212fe4a2a9b95851c27,11226.0,1245.7053234115508,22887.904085609018,67.7992072568835,11739,3122,0.2549993289434952,48,17,152,1,none
0xb1c81d674dfe352ecbc07dece5f054109d2793ef,6.0,0.1140408806945598,1.2927852274219201e-05,1005.9925031419265,326,158,1.0,1,0,246009,1,none
0x115ec79f1de567ec68b7ae7eda501b406626478e,2.0,3e-18,7.438612847476203e-06,1.2099029999999998e-30,11672,3300,1.6443331308962563,1,1,4801342,1,none
0xcb3df3108635932d912632ef7132d03ecfc39080,380.0,104.28903881707572,0.00010960786859054443,99228310.4967501,544,303,0.25346280853672215,1,0,21,1,none
0x355376d6471e09a4ffca8790f50da625630c5270,8.0,1.93599582290061,9.262505760363092e-05,40465.074173856,21,16,1.0,2,0,2373414,1,none
0x81611acd4460fd996aa657835af044644fa8ae29,1298.0,111.89532601925303,443550318779940.06,2.8228057685529e-11,1325,314,1.0,18,12,3840,1,none
0x0ff6ffcfda92c53f615a4a75d982f399c989366b,4467.0,781.7072311488624,0.0005108293498085345,1196223739.8055859,4920,1952,1.0,17,1,19736,1,none
0x0cc0d75340c0658ec370859252f40ed92620a807,693.0,568.5591169501091,0.0032709874363056023,98826264.4726607,1167,638,0.08125480567157471,2,0,14973,1,none
0x0763fdccf1ae541a5961815c0872a8c5bc6de4d7,4237.0,2924.1832271266876,0.0011227764293324659,7615806070.040907,4844,1674,1.0,72,13,1830237,1,none
0xb49009a69f3f96a2c49d23fc89f82368d5a84fb7,608.0,0.15792801150169425,3.235039933721776e-10,77097214.64917254,610,229,457723.677511088,1,0,92,1,none
0x2d7ef5876d4173922d5a7fcc6978c24d815dae3b,318.0,6e-18,3.075882009166128e-05,1.170396e-30,324,142,0.25863058224925506,2,2,1140,0,liquidity_stealing
0x35baf3cb842394c52accbef27ec83f43495aa333,99.0,1.8485962279217434,0.5653124099545739,6.044990263279553,136,11,0.25843368404842837,17,8,9742,1,none
0x464ebe77c293e473b48cfe96ddcf88fcf7bfdac0,20.0,1.9431886151025588,0.0005695580578817209,6629.670042607582,2075,1432,1.0,1,0,5066296,1,none
0x8fcfad991abb23589418cc552039a98ca6c544bb,34.0,2.3288680859369477,3146043.3865544233,1.7239516101002122e-06,40,15,0.4997293648339386,3,0,447,0,liquidity_stealing
0x9992ec3cf6a55b00978cddf2b27bc6882d88d1ec,2.0,0.17783705679671002,7.90386919096489e-05,400.13337779259757,20257,6095,1.0,1,0,5612530,1,none
0xe6710e0cda178f3d921f456902707b0d4c4a332b,2.0,6.566903169219503,6.849954652693618e-05,629554.7842341899,39,33,1.0,1,0,1459772,1,none
0x87654bf470056d7f13b2be176b6c76ea7d97e10d,7.0,0.36408327165589593,0.004395782674944578,30.155409969473116,7,6,1.0,1,0,829,0,liquidity_stealing
0xc21005f0aaa8b7fcc6a4b584c764ddff14f1f953,22.0,2.5e-17,0.0006106646474022326,1.023475e-30,24,10,0.9992003199999999,1,1,18,0,liquidity_stealing
0xc2da941640e5e512d6645ee2d93157ed95b65f4a,8.0,6e-18,3.4832686993474676e-05,1.0335119999999998e-30,10,7,0.9890450309366836,1,1,21,0,liquidity_stealing
0x4083ea47cbbcc2c39ed9803ea5bba88b15f9d23f,6.0,7.2e-17,0.0007917830514439044,6.547248e-30,7,5,0.9836520239646422,1,1,35,0,liquidity_stealing
0x18ed2be11535f3179bd4f7e9a5a1438ef462270b,2.0,1.1,1.3608923589235894e-05,88912.24879512595,3,3,0.8351166874820135,1,0,5920,1,none
0x59e62a33d6f53b17046c9367bef22240ce3a2079,15.0,4.1e-17,0.0016559634880245568,1.015119e-30,17,17,0.6486505407147718,1,1,36,0,liquidity_stealing
0x8058c8e620664a065636604833c0f9250e671571,11.0,1.9e-17,0.0003481957959939158,1.036773e-30,13,13,0.8061772119850878,1,1,16,0,liquidity_stealing
0xfd8962a90358cf9539070cb29f3f2f5a88b55f7d,14.0,0.04659755550584381,1.4358856819082485e-08,151219.01461086792,14,9,1.0,1,0,102577,0,liquidity_stealing
0xa9a7a4100ecb52a6bb19d3969aa78a19c1852778,10.0,1.1e-17,0.00011297346150686058,1.071048e-30,12,9,0.9895184140151979,1,1,122,0,liquidity_stealing
0xd858aedf64347262cb808ee31a961902c16fd0bf,9.0,2.1702583463e-08,21702583463.0,2.1702583463e-26,11,10,0.748531585,1,1,75,1,none
0xcc9699f32ae32f558313c600a786b90e32274381,10.0,3.3e-17,0.001057285659361784,1.029996e-30,12,11,0.9741822531733613,1,1,21,0,liquidity_stealing
0x0ebb795b43ec202b6f9184c6a9e77130420b1822,11.0,3.7e-17,0.0013353544102786199,1.025196e-30,14,5,1.0,4,2,30,0,liquidity_stealing
0x95624b8b4307da5aa576036b5cdd001c2b57a3f8,11.0,2e-18,2.932959869776582e-06,1.36381e-30,13,10,0.9752518398130553,1,1,20,0,liquidity_stealing
0xc0b6f8d75e3c3c1928637ed7fbc628388292256f,7.0,6e-18,3.432867416938912e-05,1.048686e-30,8,6,1.0,1,1,244,0,liquidity_stealing
0xa691dbf4262a1965023cf75f272dfadb09b9a532,17.0,2.92e-16,0.08483439860546195,1.0050640000000001e-30,83,81,0.999330916376027,1,1,4,0,liquidity_stealing
0x04ed15fa8c47778589c1bf3451e0de25c1eed3ae,14.0,0.15,1.4999999999999997e+17,1.5e-19,17,11,1.0,1,1,6168745,0,liquidity_stealing
0x76761e2d2cdceddf2598842a09026e78d0eb51cc,7.0,1.8511e-14,0.0003365636363636364,1.018105e-24,10,8,0.9784762609068389,1,1,2653,0,liquidity_stealing
0xf4b7337bc15d98597e8c74cf71634fa7895507da,6.0,4e-18,1.5745489901236415e-05,1.0161640000000002e-30,7,6,0.9278014777898,1,1,37,0,liquidity_stealing
0x16f0c132070e3e23e153207d259a67ca6be55818,22.0,1.3365284465146086,0.00035508145319573234,5030.700061256317,23,15,0.6492691820486454,1,0,102,0,liquidity_stealing
0x708289b33f06b72c822164ac99e074c03f0f4145,14.0,1.39e-16,0.01922544951590595,1.0049699999999998e-30,17,15,0.6364991489554935,1,1,14,0,liquidity_stealing
0x4f9c68bc906f3c9dd059e4bcc55c0b5528d7407b,6.0,1e-18,3.2200778292811344e-07,3.105515e-30,15,8,0.9948226385353466,1,1,12,0,liquidity_stealing
0x414fbd0709a1f8ae453feb5cc081cfc67f125f43,8.0,1.6e-17,0.00024009603841536618,1.06624e-30,19,9,0.9962973559249266,1,1,12,0,liquidity_stealing
0x53b9c60b55bc1f5b3cb399cc44f704c47f2c5fc1,6.0,1.04e-16,0.010710607621009269,1.00984e-30,8,4,1.0,1,1,47008,0,liquidity_stealing
0xec49e0b4a08406d903635ba55c6e9c09adfa0b5f,11.0,90.26652841708218,0.003422692689031047,2380595.3069010675,12,12,0.777838872987676,1,0,34,0,liquidity_stealing
0x3076942ad5d708f4b09b95fedb8758ce0465f53f,6.0,1.3e-17,0.00015605867806295167,1.082926e-30,17,15,0.3910559194274189,1,1,52,0,liquidity_stealing
0x3d1f420949cd21ad41daa9a2893248bca79e1123,9.0,4.2e-17,0.0017628541448058762,1.00065e-30,11,10,0.89107867690376,1,1,49,0,liquidity_stealing
0xe2f37a8209ecc5017c3c55bcc8cc2d3d07929479,9.0,7.8e-17,0.006073347348750292,1.0017539999999999e-30,12,11,1.0,1,1,12,0,liquidity_stealing
0xa707b8feee54432a1a7ab9743e69941585b08215,20.0,2e-17,0.0003927267014884342,1.01852e-30,25,14,0.3884596688306987,1,1,47,0,liquidity_stealing
0x63eebc3163f35aa945d7fccf9eacf3af938b4215,9.0,1.42e-16,0.02009054895302773,1.003656e-30,11,8,0.999803591890774,1,1,22,0,liquidity_stealing
0x84953053240972668ff24b7e8720b180f84d202c,7.0,2.5e-17,0.0006009182030142057,1.0400749999999998e-30,9,6,1.0,1,1,24,0,liquidity_stealing
0xc1872bc6b4022a4a4de9adcaf3eeb45a058ad0b7,19.0,3.9e-17,0.0015179822512844466,1.001988e-30,21,17,0.7370247049339116,1,1,6,0,liquidity_stealing
0x9dd350e30fc1ebb40bdaf9aef061269869602fb1,18.0,1e-18,8.23871172912434e-07,1.213782e-30,21,11,1.0,1,1,23039,0,liquidity_stealing
0x4a364a09cb3d9b316fde7158fb9d01139e5ec8fa,16.0,4.7e-17,0.002183406113537118,1.011722e-30,218,115,0.9909548943963141,1,1,6,0,liquidity_stealing
0xf90d01e8646b8caadcec6770aad3d6445541f53e,7.0,5e-18,2.2696529246747587e-05,1.1014900000000002e-30,9,8,0.9765565379640808,1,1,19,0,liquidity_stealing
0x02f61fd266da6e8b102d4121f5ce7b992640cf98,4.0,0.27861440238468665,3.5178586159682655e-05,2206.6260668867185,233,140,0.28933089130380313,1,1,5715110,0,liquidity_stealing
0xe34aebcb54afceec95e1fe538483bd1227a840a4,19.0,3.7e-17,0.0013370916449840994,1.0238639999999999e-30,22,17,0.8661885010844625,1,1,12,0,liquidity_stealing
0x793e2602a8396468f3ce6e34c1b6c6fd6d985bad,7.0,1.1588272077989197,1.338314339699909,1.003411872457524,180,94,38.12003816814346,1,0,1221385,0,liquidity_stealing
0x4225767ae341c2bc7ba90f70ba50e6eb4107c6af,13.0,1.2e-17,0.0001385905342665096,1.0390319999999999e-30,31,14,0.992232585760505,1,1,16,0,liquidity_stealing
0x54bbbcf29f465477153f772f0c296bebbf0a8b81,13.0,1.01e-16,0.010150753768844221,1.0049499999999999e-30,16,9,0.9979774497592837,1,2,71,0,liquidity_stealing
0x56a16ab373586e4a5dea5776dd4576e78bf8fbef,19.0,2e-18,6.457439179801906e-07,6.194406e-30,22,12,0.673418398918024,4,2,20,0,liquidity_stealing
0x8aa45208ddb85a5978587fc1708f9bf6fd168527,6.0,4e-18,1.3710368466152528e-05,1.167e-30,8,6,0.9858048718924552,1,1,10,0,liquidity_stealing
0xc8502b6a213ae9b1e8355cc08971d60428af279d,12.0,0.532724099610466,5.665235093417139e-09,50094119.94844562,13,8,0.9774004437699939,1,0,178,1,none
0x61d94835be8edcdea3e30412f99f21d243039d2b,6.0,0.16154761889527416,5.1842719053272995e-05,503.4001620153277,7,7,0.8143637157260757,1,0,35299,0,liquidity_stealing
0x26556aec69999ab8111874b401dc89b572fe14d0,6.0,5e-18,2.0976409929393402e-05,1.1918150000000001e-30,8,7,0.9994245399907363,1,1,19,0,liquidity_stealing
0x682aa82a623db7b5eee4e0363d1d5b2579fcba66,7.0,2.3e-17,0.0005142882697553778,1.028606e-30,9,6,1.0,1,1,41,0,liquidity_stealing
0xc475dbea2fe4311e50a6140807c3b1d22b8305a5,7.0,1.3e-17,0.00015993700942398072,1.056666e-30,9,8,0.9870256237934742,1,1,25,0,liquidity_stealing
0x754006c2325ab943d782e36dea661ee06e0bd015,63.0,0.5075412866682066,1.2807792384494338e-05,20112.611911532706,129,40,0.6540438215950751,1,0,25,1,none
0x1378bfd46a7ffbcae16c7af06a6af34281d0ba7a,6.0,0.6916029984336795,4.269154311319009e-06,112039.68574625607,8,7,0.9568867127999998,2,0,6738,1,none
0xd675cd70cfff24aa6a3586600d9e5fc59f17117e,68.0,0.001548632877981225,2.384353502435621e-14,100583398.74161197,72,46,0.506407559018979,1,0,1561,1,none
0x3c942ebc872ed6b598b8d2ea88a1d757d00088b2,37.0,5.86e-16,0.3418903150525087,1.0044039999999999e-30,77,32,0.7230850528593863,1,1,12,0,liquidity_stealing
0xb567d00228133fb7fad263fddff5aa52963ca7fb,30.0,0.004336249428634349,3.737791500596502e-12,5030526.476485112,33,21,0.9980017361324856,2,1,4031,1,none
0xdc35891e63e0fd2507f517f4ab0ebde403f76daf,33.0,6e-18,3.435343963814377e-05,1.04793e-30,38,29,0.7344726205551989,1,1,19,0,liquidity_stealing
0x7ebbd485bf0e27433d6a98714de4a469f5b6daa5,78.0,5e-18,2.0664316445076317e-05,1.209815e-30,100,81,0.10673242111806755,1,2,3268,0,liquidity_stealing
0x8d5b5d6c218223a93f4ad113593d199045a0e8ad,41.0,3.829e-15,14.55893536121673,1.0070269999999999e-30,201,121,0.03512467531663827,1,1,3,0,liquidity_stealing
0xb455706f9a15ad2f2c07df98bfabd2522a07438b,36.0,15.427253957039671,0.13230571674760247,1798.865313650999,44,27,0.9754455983992618,1,1,31547,0,liquidity_stealing
0xb48cd9823fe43e19cee867c9b331376122556762,34.0,2.49e-16,0.061755952380952384,1.003968e-30,36,22,0.9229166863228635,1,1,69,0,liquidity_stealing
0x05074b439211739bd952e1092127f17afd0de204,23.0,30.43897773998884,0.03313570504554019,27961.721791709395,100,44,0.14224047831012362,1,0,1417,0,liquidity_stealing
0x00fc270c9cc13e878ab5363d00354bebf6f05c15,10.0,0.6485136984019497,0.0008408827095508865,500.1530085445572,56,23,1.0,1,0,2774961,0,dumping
0xf75b25f6f9a779ed51220ac94e35cddc41e83eb0,32.0,0.7144847085183318,0.00045242525716887995,1128.3375333662505,34,23,0.9077287360085058,2,1,21,0,liquidity_stealing
0x5dd3fccb1834f100451cdee6ee303629666e2299,41.0,3.5e-16,0.12203626220362622,1.0038000000000002e-30,89,58,0.9237482379495483,1,1,16,0,liquidity_stealing
0xf37e0ca79a2924932f8c48cfbe40fa9616a9cc41,5.0,0.5023989506051793,0.10047979012103585,2.5119947530258964,17,14,0.09996008000000009,1,0,10957,1,none
0xe8a4aa7ca96fb2e0b44ddfb207738f2e5b8d3aa9,4.0,1.1030044999796893,0.0024252892696893786,501.6386878795964,16,15,1.0,1,0,72464,1,none
0xdb7c24b2673dc37214329324c312c173c63e5e24,35.0,4.436573604694047,4.8819875405794235,4.031797538658161,36,16,0.4573441802286601,1,0,110,1,none
0x3f09400313e83d53366147e3ea0e4e2279d80850,1398.0,118.72347673703467,0.0032547138542091533,4330722.932924053,1875,532,0.5033006280907466,11,5,170,1,none
0x5d762f76b9e91f71cc4f94391bdfe6333db8519c,2576.0,132.02022310776152,0.1084652680003699,160690.51071135222,4461,1165,0.10766942360545828,9,3,73732,1,none
0x2874d3a3d94093e7d5402a9d37fb81838cd72758,95.0,2.861187011849453,0.0001675722202938681,48852.91310468817,301,56,0.10515272601681437,3,2,117103,1,none
0xf784097f3a428878d2b512818b34f580b93776db,794.0,49.75440482339777,0.025801708829421326,95943.28870604758,805,355,1.0,3,0,176,1,none
0x39795344cbcc76cc3fb94b9d1b15c23c2070c66d,20.0,1.7278785195003632,806005.7232766021,3.7041476157436562e-06,252,208,0.27157883221699297,1,0,257,1,none
0xa4bdb11dc0a2bec88d24a3aa1e6bb17201112ebe,6.0,1.0003069912358507,0.0030721065392217586,325.70943225452095,625,266,7.628637025703943,1,0,4769239,1,none
0x59ad6061a0be82155e7acce9f0c37bf59f9c1e3c,83.0,2.554606918480996,0.6287515935002891,10.379324005558912,236,167,0.8752632141597255,3,2,5063,1,none
0x72b2bb8a3bfb5a0bf0c2e145fdc82bcc7fd5f6d9,449.0,0.00573506695517321,6.371436345423931e-13,51622571.73603023,451,51,0.2010449889445696,4,0,16,1,none
0xa585cb4e6e833d6fa55a992e75b9ee0743b23d69,93.0,13.16365376678571,0.0724261552679547,2392.530431178099,113,45,1.0,11,2,4097435,1,none
0xc47e5efe35397007d94b9d6b1f68565df148d73c,83.0,2.961565410401387,0.0017731193735798984,4946.57596706402,90,30,0.40280879168118006,9,2,524,1,none
0xd6c67b93a7b248df608a653d82a100556144c5da,514.0,984.3663186073313,0.042210652228539994,22955746.903938938,563,284,0.9038945245456143,3,0,863,1,none
0x8e45ba65b67674d359eb87364981fa50579a0606,17.0,3.2718700247808226,0.0007899638028277473,13551.422762333237,56,25,0.9876756387773484,1,0,85991,1,none
0xded925e8563c03d77d18b7a223aeda577c65f0fc,72.0,28.37138599970285,3060229317193706.0,2.630311196032451e-13,119,35,1.0,5,0,1088,1,none
0x284399c033bd1c4ec811ed6ea1f1a8a1f18d7541,124.0,9.270180984473672,0.008793193293962739,9773.042922177052,251,61,0.9624047546226748,2,1,45,0,liquidity_stealing
0x8c09394479c20a3fc240a7877d1983fa63dbd609,1969.0,46.31143358919415,0.6407186181572343,3347.4115162359967,4037,566,0.13215732519828152,6,2,3405,1,none
0xe1994856f974f4d5ec9262bfce8997c651b55231,204.0,110.4786313270815,0.04504163101748391,270983.2593577117,217,97,0.7941317695034831,5,1,18508,1,none
0xebf919584021075d3f7bf3d6cf1c6dc318221eff,9.0,3.7e-17,0.0013329970818171991,1.0270089999999999e-30,10,7,1.0,1,1,22,0,liquidity_stealing
0x43da623816e6249cdd8462a426d8fce9164dfd8c,7.0,400.4323231040271,0.001969788218212699,81402682.73712137,199,198,1.0,1,0,75,0,liquidity_stealing
0x3eee07d48dab5ba20e414fcefd9d1a0fa92e1bda,9.0,1.5e-17,0.00022064015062367616,1.01976e-30,11,8,0.9655319881772735,1,1,7,0,liquidity_stealing
0xd7b1d6e053c6109e74df127006098ab9605e303a,9.0,9.8e-17,0.00956377476334537,1.0042059999999999e-30,13,5,1.0,4,2,41,0,liquidity_stealing
0x7c4eb342a0298f8d8e0e6ac3e1f3efae0c7ea655,13.0,1.04e-16,0.010810810810810811,1.00048e-30,15,12,0.9963301461840186,1,1,14,0,liquidity_stealing
0x3dae9991d97d0b98f83b0462a34ec4f68527ff41,6.0,5.8e-17,0.0033481498585695327,1.004734e-30,7,5,1.0,1,1,29,0,liquidity_stealing
0x30b59089375fbcf08700e67930dc8ae4abb4fb58,10.0,5.4e-17,0.0028644175684277534,1.018008e-30,14,11,0.8896888824225673,1,1,976,0,liquidity_stealing
0xc2dcee6d3f98480e6fea715b87b6a5630a0afc05,13.0,5e-17,0.0024902878772786134,1.0039e-30,15,12,0.952398833501814,1,1,34,0,liquidity_stealing
0x7c8f6d8a03a82d55e3cfaa0b527771f95b091168,17.0,2e-17,0.0003845118621909486,1.0402800000000002e-30,83,20,1.0,1,1,306,0,liquidity_stealing
0xf6b76aa49f8535238f06850fd93e5ea27a378751,8.0,3.2e-17,0.0010121137362811147,1.011744e-30,9,7,1.0,1,1,304,0,liquidity_stealing
0xf832fc4b41a6e44bdfb02ac1e35fa09c6fd2a8b2,14.0,1e-17,8.987148377819718e-05,1.1127000000000001e-30,16,15,0.38851182617810553,1,1,7,0,liquidity_stealing
0xb9c952045c663bf0210814072b0cbefdd08e4ff0,19.0,4.8e-17,0.002294126081345887,1.004304e-30,23,15,0.7809923672875348,1,1,10,0,liquidity_stealing
0xb40183f42d7809e8921adece2d61a0961f9a8414,15.0,1e-17,9.356112348197078e-05,1.0688200000000001e-30,17,14,0.32779452505482953,1,1,31,0,liquidity_stealing
0xf6ad681d9048efa2e0f6f6b6c3c8d9b9548827b5,6.0,20.161507998306973,14510864027.506613,2.8012556936324776e-08,7,6,0.9860972641573207,1,0,14729,0,liquidity_stealing
0xa1296f845d9822a43117f6ab5cb81c439b753ebd,6.0,3.011468437002038,0.00015084163512041468,60122.274197173036,7,6,0.9964501000409391,1,0,111,0,liquidity_stealing
0xfcc3a28dc8f7e38e0b19223fcaf5d6bd595c1e22,18.0,0.05068065388991737,0.009590856729082052,0.2678101395176854,21,17,0.8535483488796147,2,1,14,0,liquidity_stealing
0xb26efb9a0da333599b1aa8e95579a71c02ea6715,7.0,1e-16,0.009887284951552304,1.0114e-30,8,7,1.0,1,1,30,0,liquidity_stealing
0xb1919a2f09d10eae80c201ece3401b8871a6d035,15.0,4.027175265782603,0.006785847151511491,2389.9949791410672,19,9,0.9975901875313313,3,0,76958,0,liquidity_stealing
0xb9dcd222cefbd14384df2eada2f61cf8ad29015f,11.0,1.11e-16,0.012204507971412865,1.009545e-30,14,7,1.0,1,1,18,0,liquidity_stealing
0xcc4e6624bcdb596e06ad9460efb132495dd439b4,9.0,9e-18,7.220853825849052e-05,1.1217509999999999e-30,11,8,0.9942239037156435,1,1,21,0,liquidity_stealing
0x2e0010b28ad07baa293022b910ad6af217847564,5.0,0.3301123733267875,1.6500495705685742e-05,6604.297287013868,5,5,1.0,1,0,18,0,liquidity_stealing
0xd42b5ade9e6bc7b528cf3a3ee0bade6ea95f3594,12.0,1.2e-17,0.00013709585285045129,1.0503599999999998e-30,14,14,0.8670953437196788,1,1,16,0,liquidity_stealing
0xfadc6cac548f796d20363fde3568e98e7a35a6a7,6.0,30.506,0.00042277404967804754,2201213.7138234624,7,5,1.0,1,0,42,0,liquidity_stealing
0x6592fccf77e4129f3d2e8fbacfe3ba4e5094f362,14.0,391.0366109088369,0.0002645514992449396,577995707.8583595,207,203,0.7885605259730754,1,0,373,0,liquidity_stealing
0xe4ba6ebeeef23d71a725e1ac2bc01a78f3d8a89d,22.0,1e-18,5.3438785870784926e-20,1.8713000000000033e-17,25,12,0.34382725328172986,1,1,16,0,liquidity_stealing
0xf02ad329169a5ccf04b2f1bc508767d68585c4e1,20.0,1.04e-16,0.0107095046854083,1.009944e-30,22,13,0.59048198588781,1,1,54,0,liquidity_stealing
0x88eec3873ac22da27a836f7f63883da4771c96f1,12.0,1.5777885e-11,15777884.999999998,1.5777885000000002e-29,135,88,0.18373119012791025,1,1,11470,0,liquidity_stealing
0xba3d2a5d77120cb42e0e449906a7d8e69e0af89d,21.0,3.2e-17,0.0009894255148104633,1.034944e-30,24,12,1.0,2,1,618,0,liquidity_stealing
0x8cab3e311702acb64e250926d77134fde604bd4d,5.0,0.019923553389886235,21025.421751690672,1.8879430071253068e-08,623,167,0.504789770998278,1,1,107955,1,none
0xa76dd6ca9eda2c73143e78e9ddece40bb2be6b01,12.0,4.9e-17,0.0023994907203369084,1.000629e-30,15,12,0.951121534969775,1,1,19,0,liquidity_stealing
0x5eabe2473a10490d04ee20d4752ce98574f6fc44,6.0,1.45e-16,0.021011447616287492,1.0006449999999998e-30,7,5,1.0,1,1,128,0,liquidity_stealing
0x91a08dfccedf91297e00f82e8ec6d8536d910ef9,17.0,9.2e-17,0.008405664687071723,1.00694e-30,19,13,0.8082505336639118,1,1,21,0,liquidity_stealing
0x72acb8ebef54deaa7facbb329830c2582b325ae2,9.0,7.1e-17,0.004984904865547988,1.011253e-30,10,6,1.0,1,1,85,0,liquidity_stealing
0xc05518edabddc272c6903dc434379b7b14f9973f,6.0,1e-18,1.5128643393366817e-07,6.609978e-30,8,7,0.974172001945415,1,1,35,0,liquidity_stealing
0xa554fcb206ec3918fd825876ab2325805aba1333,8.0,0.42060870974036213,0.015267103801828026,11.587769953346976,9,7,0.933938335,2,0,7596,1,none
0x639b548e32c3ed833fea19e22c62fa5a5d1a4ea7,7.0,1.85e-16,0.033982365907421014,1.00714e-30,10,6,0.8950617283950617,2,2,376,0,liquidity_stealing
0x7d8e8321c9a9c47e6b7040ad862e27bb348013a3,7.0,3.9e-17,0.0015199345258973458,1.000701e-30,9,9,0.9683312474146825,1,1,18,0,liquidity_stealing
0xa2fac9bc7c58da3a5c2126454781325f882a58ca,5.0,0.068774476760731,2.762964130914236e-05,171.19037488724993,12,8,0.971579170179957,2,0,581,1,none
0x19fe1805fe31955af6c8974e6d1326ce52f516e4,9.0,3.2e-17,0.0010222009263695896,1.0017600000000001e-30,13,7,1.0,1,1,451,0,liquidity_stealing
0x448ba5327d37d57bd157fbbf9bc863261a9fd4b2,6.0,4.909e-15,2.3946341463414634e-09,1.0063449999999999e-20,7,5,1.0,1,1,19,0,liquidity_stealing
0xd250a5f4309ef16a6a4304d65160f83c1584081e,12.0,4e-18,1.5743320896109826e-05,1.016304e-30,14,12,0.5396832459168935,1,1,16,0,liquidity_stealing
0x05c02fa48907c2814128e2d013b8efaba2e250d7,19.0,10.0,2.0656270365791562e-06,48411450.0,24,12,0.9896158955584262,3,2,21594,0,liquidity_stealing
0x2e3832826fc298a101253d31bc422425aae7eaa2,8.0,1.52e-16,0.02299546142208775,1.00472e-30,10,7,1.0,1,1,50,0,liquidity_stealing
0xc05f1d7dbe7d190d0ed94aafb35325b3ab3aeda1,8.0,3.9e-17,0.001497925948686434,1.015404e-30,9,8,1.0,1,1,12006,0,liquidity_stealing
0x2287bb7b992ae62963b365e4e254aaddace5f2f1,26.0,1.7e-17,0.00027520559476785594,1.050124e-30,30,17,0.938540826493213,1,1,29,0,liquidity_stealing
0x0c59963805cbd264025af766dd4e566ab45d0bb4,22.0,1.5e-17,0.00021314992966052322,1.055595e-30,23,19,1.0,1,1,16,0,liquidity_stealing
0x82e3224c6ff120a8ab149b859a8318547e21660f,7.0,87.20362815307305,0.002885528226130169,2635383.2529505086,8,7,0.7590312582349467,1,0,14,0,liquidity_stealing
0x0dad0a14a04d4bcf04a1507a0e1a6631adb36fda,14.0,3.44e-16,0.11805078929306795,1.002416e-30,17,9,0.5788075177023108,2,1,87,0,liquidity_stealing
0x6f84c5e72a91628c8cf638df72566ed4699a6675,6.0,2.5e-17,0.0006194558699638238,1.00895e-30,10,9,0.4201445172849358,1,1,6070,0,liquidity_stealing
0x8e61d0ee729d80dd9360ff8cf9cb90ca13e77101,14.0,1e-18,6.090639403377731e-18,1.641863741671232e-19,17,9,0.9861234784942355,1,1,33,0,liquidity_stealing
0xf1ff0665a9e4648c0e6a45d05f395ef057c510a2,17.0,111.07198434981177,8.221528985330397e-05,150057072.46690497,18,14,0.5165569378529914,1,0,13,0,liquidity_stealing
0x421a464ee7f0987d1b008280967a57bfa5921ea1,11.0,1.094e-15,1.1956284153005463,1.00101e-30,43,40,0.8197262197096742,1,1,11,0,liquidity_stealing
0xe34f3ecec8543a4b5ce320daa13179b5bbf45dfe,7.0,7.8e-17,0.006015269530346264,1.0114259999999999e-30,15,9,1.0,4,2,1682,0,liquidity_stealing
0x5fddcb203874f17ff91a5d3d44c57a11b2026895,9.0,92.13350182891674,0.011093508920948068,765184.5975649656,10,9,0.7018165693346077,1,0,19,0,liquidity_stealing
0x3d50b0ba1dd2b1865b71fb7fdffedced06a6cd51,13.0,5.3e-17,0.0027863939855948686,1.008113e-30,14,9,1.0,1,1,28,0,liquidity_stealing
0x6dabb64c6e66b53de22cb46a7d0aacc226d99b40,7.0,5e-18,2.205217544710786e-05,1.1336750000000001e-30,8,6,1.0,2,1,197,0,liquidity_stealing
0xef455340e0cd66f3cdaecc866b25e17d731d5854,8.0,7.3e-17,0.005315663001529164,1.002509e-30,10,7,0.9432982788952725,1,1,20,0,liquidity_stealing
0xb026c23976347f6ae63485eea60ef3a8045f5dd4,9.0,2.8e-17,0.0007795751315533035,1.0056759999999999e-30,11,8,0.8146021841213388,1,1,22,0,liquidity_stealing
0xdf659651a5082065acf219dc2904954ad1ecd16d,6.0,5.7e-17,0.0031993713515940728,1.015512e-30,8,6,0.9973495560986851,1,1,31,0,liquidity_stealing
0x3554dfb77e657d36708070124cf42b1f5528c9b9,25.0,1.6e-17,0.00024190012548569011,1.0582880000000001e-30,27,19,0.19884241908534897,1,1,13,0,liquidity_stealing
0xb188ba54fa07707244ab75e0e53aac9aabf88ca5,14.0,2.19e-16,0.04778529347588916,1.003677e-30,18,9,1.0,1,1,2948,0,liquidity_stealing
0xc0d79cd043de0a3bfab67211b7f196596f0fa7e1,15.0,8e-18,5.892448091215097e-05,1.086136e-30,101,95,0.9590637418337516,1,1,113,0,liquidity_stealing
0x8f87afe27ed3bd3a089cc2605b8d4b995d46f053,11.0,6.03952e-13,301976.0,1.2079040000000002e-30,13,12,0.8239980636316354,1,1,27,0,liquidity_stealing
0xab022252b028f7405ac0148bdd4fbd42ef80ea52,6.0,5.8e-17,0.003348536458634029,1.004618e-30,8,6,1.0,1,1,669,0,liquidity_stealing
0x61a8cb6deae0b2e73ca5f0324ccf4205e9fbbdcf,13.0,1e-18,5.63123307110558e-07,1.7758100000000003e-30,16,14,0.9150290986796225,1,1,37,0,liquidity_stealing
0x6edcdcdd72ae48595228537a0c156bd99f78241d,8.0,4.8e-17,0.002291716400095488,1.00536e-30,10,7,1.0,1,1,121,0,liquidity_stealing
0xbddc40924ed5354edcdb3b959fefc26056879c52,24.0,1.3e-16,0.016876541607166038,1.00139e-30,25,24,1.0,1,1,155,0,liquidity_stealing
0x33bf0f03c18d98ab96cf3dc42266da29d6666585,2.0,4.5e-17,0.0020124323599123475,1.006245e-30,4,4,1.0,1,1,22,0,liquidity_stealing
0x53b003902cbcd42ac8ae585dbfa9529f3318e7b8,12.0,1.6e-17,0.00024950877959018186,1.026016e-30,15,14,0.9094601289726367,1,1,14,0,liquidity_stealing
0x028aa75a70ddc7428d9cef884221879e27916b14,12.0,1e-18,7.367253149132359e-07,1.3573580000000001e-30,14,12,0.9216882946149542,1,1,60,0,liquidity_stealing
0x6fd349bded858b7afa5190e1c9f02079b978dd23,6.0,1.95e-16,0.03792298716452742,1.00269e-30,8,8,0.9591587949653437,1,1,20,0,liquidity_stealing
0x5ef4df48c095644b2d05571e187a77cd03ecf2a0,12.0,2.05e-16,0.04176854115729421,1.00614e-30,14,9,0.8087957495859589,1,1,12,0,liquidity_stealing
0x0e9c5552e8d18a3a44ea35c974c0779daf1334ee,12.0,3.2e-17,0.0010180383673209685,1.0058560000000002e-30,13,8,1.0,1,1,60,0,liquidity_stealing
0x5f536c628ec956d44bc66ecca8884f4777451f82,8.0,1.1e-17,0.00011015752526112341,1.098427e-30,9,6,1.0,1,1,17,0,liquidity_stealing
0x01d5ca206cbb7a42dd227c9c554b24d3eba2190b,49.0,4.22575305e-10,4.74803713483146e-12,3.7609202145e-08,52,31,1.0,1,1,185,1,none
0x8524072254d83f8854952828548f294aecd6095f,36.0,1e-18,1.2310739771610412e-16,8.12298869565973e-21,38,26,0.7295762167419493,1,1,30,0,liquidity_stealing
0xbaaef006a20e7b786c7c5f17e8ac9a17a0438a6c,83.0,2.0813825e-11,20813825.0,2.0813825000000002e-29,97,42,1.0,3,1,130,0,liquidity_stealing
0xd30411901f03a8b508118537344c74be0ff5e02d,42.0,1e-18,4.3396995278840884e-07,2.3043070000000005e-30,44,25,0.1771119676674,1,1,14,0,liquidity_stealing
0xb2d589b90965a6399bfa5a1241e8bf599e791908,39.0,2.55e-16,0.06468797564687977,1.0052099999999999e-30,126,117,1.0,2,1,110,0,liquidity_stealing
0xbe0775533b30f28118d250c83dd8b89f144d0b84,36.0,3.36808819e-09,3.36808819e-09,3.36808819e-09,39,18,1.0,1,1,15916,1,none
0x06a5d00f4d1303f22e189622dedea6ef77c5c65d,38.0,2.3558777e-11,0.0023558777,2.3558777e-19,79,59,0.20768984547123803,1,1,52,0,liquidity_stealing
0xed2a38dfcc4958109206410ed0f08488873974dc,27.0,1e-18,5.670546179033304e-20,1.7634985562721877e-17,29,18,0.9679800233974704,1,1,27,0,liquidity_stealing
0x5241f6ab5c66fa0e1e05d42eb70fb5ca743068c8,75.0,4.2e-17,0.0017162471395881008,1.0278239999999998e-30,106,63,0.12038623622249355,1,1,14,0,liquidity_stealing
0x20f460ab4891e4c8a3fb396312c41a2ce24d6dca,27.0,3.6e-17,0.0012904150835185318,1.004328e-30,29,27,0.7398361303487682,1,1,129,0,liquidity_stealing
0x0f17377bb5d67bbf1a88413ccbea3cdc847caad4,35.0,22.858679083182178,0.024580280035162567,21257.658931486403,36,22,0.9935751281153015,1,0,2002,0,liquidity_stealing
0x2e5107f86d053e1eab32ba26521da60f58615c35,39.0,2.1e-17,0.000430416068866571,1.0245899999999999e-30,41,25,0.23634400180468684,1,1,19,0,liquidity_stealing
0xa04b6ada7d903e6ea95de0875fc7a0d330e7297b,72.0,1.7e-17,0.0002850244785728657,1.013948e-30,74,51,0.3708446928834458,1,1,11,0,liquidity_stealing
0x012d1a747904c04a2a09f1438be7ff35ef3b19c6,27.0,0.001404534459065912,1.4074896327437586e-06,1.4015854900884506,28,24,1.0,1,1,16,1,none
0x5a3bfdc8fd6fb8b7cfa464bc285460c9af403296,48.0,1.6e-17,0.0002469135802469136,1.0368e-30,65,39,1.0,1,1,74,0,liquidity_stealing
0x6a217345aec9f9e64928793716dbef15b8ffe90d,9.0,1.312673279061319,6929784.920091441,2.4865290300219857e-07,260,85,0.6814342933410152,2,1,4931,1,none
0xce8ba1e4216a68f0acffd0364e16115ed1046877,51.0,1.2e-17,0.00014145605431912486,1.017984e-30,54,42,0.9942311388259587,1,1,42,0,liquidity_stealing
0x9484e299bea3ad6888b861b706739de6c8154d40,60.0,2e-18,2.409805947290385e-18,1.6598846909219594e-18,115,41,0.5966028892010375,1,1,475,0,liquidity_stealing
0xe3d23780718567ac62e8089de297487ce0780080,88.0,2.4908985073439545,0.00038064002663261394,16300.375524818022,94,36,0.48203281519467134,1,0,168,1,none
0x3ca2cee5aeae41fe32be500ad39443b3b571bdd6,6.0,16.95524838876971,0.37683259732878294,762.8863584592016,7,6,0.9997383806433855,2,0,365,0,liquidity_stealing
0x2989baf2138085c751266d92008b728737f8f59e,27.0,2.5e-17,0.0006197476387614963,1.0084749999999999e-30,213,203,1.0,2,2,1175,0,liquidity_stealing
0x7308acd05addf3e45d170a901d6dc1e46abe64f8,29.0,0.001167653838876236,2.335074447657995e-13,5838852.327855642,31,15,0.9999997624722214,1,0,202,0,dumping
0x181e1045e7e9cdddb61d91f6ea887228b8039b8b,695.0,2.079216536742053,0.00014637498408074732,29534.701122677972,701,152,0.010513499143592482,1,0,122,1,none
0xaf28f283225b515387d0e35335f353560af00038,662.0,19.17616692208262,1.1780053990673909,312.15933145527026,721,255,0.19060729950889171,4,3,530,1,none
0x9cd9a927013075b0d39b1fb5f307560af471cc70,133.0,0.006035624735661829,1.206987353218878e-11,3018156.3918281454,138,66,0.9998280377188923,1,0,303,1,none
0x30c87bdfa7c825c5c1a5f6618a440f7204b26462,106.0,7.9e-17,0.006145468689225983,1.015545e-30,265,159,0.9936855352338867,1,2,7,0,liquidity_stealing
0x672e1e95854957e262d9a1ebb82f040e8dd35f99,782.0,11.18178380452105,0.06347917129835522,1969.658495751171,1619,342,11.968996909354702,1,0,89,1,none
0x3c144f8fd51fb49f59c40a47d4826836581494e2,89.0,11.56310713489751,0.001631065074522619,81974.31770295903,91,43,0.5160765117428601,2,1,79844,0,liquidity_stealing
0xe51f24b251430a6e615f66e0d3c3a97c442ab38c,43.0,4.419097457451325,0.0031053561421047204,6288.62566636784,44,21,0.9999585074587217,1,0,265964,1,none
0x4c11249814f11b9346808179cf06e71ac328c1b5,1388.0,33.99483893948785,0.0012958515376827752,891806.6930631852,1597,469,1.0,3,1,163625,1,none
0xbb291818f1b1f4045f5605a5b6e4f5d4763f8059,92.0,1e-18,3.2975233291531734e-07,3.032579e-30,98,41,0.3513106453372925,4,3,29,0,liquidity_stealing
0xb0806a30b9a30a2186a0ca58d8219689ac84656a,9.0,0.09382646298965788,8.801731987772784e-05,100.0190095469753,20,8,0.995488388431244,1,0,11019,1,none
0x8ee2e854c7d2561d01db2dea06f0d68ed89ed9e6,74.0,7.609638571376512,0.009725179417330384,5954.296234760555,149,31,0.14516675563886647,1,0,57,1,none
0x715ce123449786ac44f994ef7a37177c70498f31,291.0,2.4e-17,0.0005569608502935647,1.0341839999999999e-30,296,111,0.10059493816888143,1,4,64,0,liquidity_stealing
0x998b3b82bc9dba173990be7afb772788b5acb8bd,2.0,0.9901284196560295,9.803251679762669e-08,10000297.038525898,969,593,1.0,1,0,6028524,1,none
0xe1240ac7bb51333510cbf37efd678ca46137f84b,854.0,168.9536083920706,0.0038406679449506506,7432384.730429471,1221,276,0.16496019032713688,141,42,36656,1,none
0xa769b3603cdcf23729ebafeb834d28d273c110cd,150.0,3.756753070135803,0.22948539278987964,61.49931138709574,365,81,0.1286694171838424,1,0,403,1,none
0xa8d0f2cd10ee81378872ab0d22d42be986881d90,38.0,4.414471948819679,0.03727170435884126,522.8513941647304,175,142,4.405409266747661,7,1,6041,1,none
0x0f5a5b5a2ba791dfe60b64b989ce3e3d69cbeccf,182.0,2.877231122222425,3.6769189176847565e-09,2251466272.7178135,218,95,0.6210892062141253,1,0,189,1,none
0xb01862d0830bcd7775a88625253d12d2c51a110a,892.0,264.570992410852,0.009772962394075789,7162394.28770284,4442,1393,0.1547847010541973,280,28,982,1,none
0xe179198fd42f5de1a04ffd9a36d6dc428ceb13f7,10.0,50.0199873538816,1.000497947797174,2500.753889991679,4507,1043,0.908911989428519,1,0,120860,1,none
0x47b4df272ef96b85a9a1ac4713f0286142a26672,226.0,136.20962363605173,2.5471227359936783e-05,728392916.0106602,229,117,0.8850012418065908,3,2,22,0,liquidity_stealing
0xa4e7414fcba1af15203030c6daac630df8f16aea,52.0,4.412990132731875,0.0037884193158691493,5140.52967421348,702,664,0.00558693347972084,2,0,63968,1,none
0x1ce37f6582ad1326faba0c679fb74aaab036d2ab,79.0,4.011447149008617,0.005847541564552197,2751.875818521294,83,43,1.0,1,0,9215,0,liquidity_stealing
0xf5a562597d5fb5cc19482379755e1a5275a6607b,285.0,10697.862439342503,1590236477.3581045,0.07196681902381208,518,229,1.0,2,0,2521018,0,liquidity_stealing
0x132645ff6b21f71d08ab73d8761beedfa58bdaac,131.0,4e-17,0.0015912797867685085,1.0054800000000001e-30,133,101,0.13427849135572795,1,1,15,0,liquidity_stealing
0xcd699cd935bd16755bec859ac52284a2cdf3e781,463.0,17.836882594792456,0.14208777203392264,2239.1397665412937,1069,229,0.25414538664839853,1,0,3537,1,none
0x9ef0f670a3d1d6c12648fc56871e7573c87a7f39,351.0,43.10707820785099,0.039960708496819194,46501.182324274676,362,161,1.0,3,0,8140,1,none
0xe6fbca3863a667b5f22952c283edd1b51f9fd152,14.0,0.7626301613260587,0.0008212547411705347,708.1904478691335,44,5,3708.989786668718,1,8,20,0,liquidity_stealing
0xfdb615d6a15f929ddabc6b83a4f1cf9d361b064e,2.0,0.049950658740265746,0.5612433566321994,0.0044456086278836515,35,22,1.0,1,0,402706,1,none
0xac052b053a073bb64d6db4559140901c5756eb26,7.0,2e-18,3.989030167040639e-06,1.00275e-30,9,9,0.9999604187734225,1,1,22,0,liquidity_stealing
0xf979d80a1aa41530424b9862db13900fd49e86fb,23.0,109.44108696648605,0.0014967461146690158,8002259.968488099,74,57,0.538688183658091,1,0,15,0,liquidity_stealing
0x0c0a13dad5a29d6047ae3982c7ac9118a998500d,10.0,6e-17,0.0035530289571860016,1.0132199999999999e-30,12,8,0.9980325750880559,1,1,1045,0,liquidity_stealing
0xc1c256951d6ceb231782928c73ceb65dbe6a4e2e,7.0,6.9e-17,0.004690048939641109,1.015128e-30,9,7,0.9741063353050454,1,1,14,0,liquidity_stealing
0x44d9b9a3dae40b3dec380157f631f3988f249b05,10.0,0.002188552355882839,6.066399432992498e-10,7895.558918179545,11,8,0.5018875968442529,1,0,40,0,liquidity_stealing
0x980a74d04e0c45d38b437c6930b853c1d7bf6914,14.0,1.5e-17,0.00021213106871632417,1.060665e-30,16,9,1.0,1,1,54,0,liquidity_stealing
0x2292225f79681bd8af33242960f7fe7063872cb7,19.0,3.2e-17,0.000995675036559943,1.028448e-30,88,75,0.7112446559038492,1,1,16,0,liquidity_stealing
0x153598987c32686e2d30266c7bfbef2fbf3be411,21.0,8.3e-17,0.006852142326426155,1.005379e-30,23,19,0.9842283813141758,1,1,23,0,liquidity_stealing
0x23621e93f9d955724dac617e964bc5b8e02b841d,16.0,5e-18,2.167016278626285e-05,1.15366e-30,18,13,0.9497300277637953,1,1,16,0,liquidity_stealing
0xc33f463f083edef2e28089c5a4702ddf82540f10,6.0,7.7e-17,0.005870692284232998,1.0099319999999998e-30,8,5,1.0,2,1,22,0,liquidity_stealing
0x856f2d93c86fa40305949482847913a15eb0590c,17.0,1.4e-17,0.00018507746814023582,1.059016e-30,21,18,0.7286919113447494,1,1,48,0,liquidity_stealing
0xd8ec9dcd197811731c4b898500e967671473d2d0,17.0,5.3e-17,0.0027770500392978775,1.011505e-30,19,15,0.9860237063812247,1,1,10,0,liquidity_stealing
0xc35c6285d3523573be480c9adbe0d2b606a9f816,4.0,3.5146658785062512,0.06778200627493376,182.24418125705867,6,6,0.9982811240702598,1,0,161,0,liquidity_stealing
0x275dc4861cdca27459f9513adacd64110afdeb86,12.0,6.7e-17,0.004468156052017339,1.004665e-30,14,12,0.9369650730860424,1,1,24,0,liquidity_stealing
0x5a03d464e346b7276ead944b21f814c11c5447f5,14.0,1.2e-17,0.0001413843888070692,1.0185e-30,16,10,0.9834363150014045,1,1,141,0,liquidity_stealing
0x59f354e9032c092ffd393b665d42179a845d9198,12.0,2.8e-17,0.0007638169021768782,1.0264239999999999e-30,39,9,0.9583827872549334,1,1,21,0,liquidity_stealing
0x04bee0c5c905f048809bdccd1044fb6517f1caed,11.0,1.8e-17,0.00031789202267629765,1.019214e-30,13,11,0.7569422435440777,1,1,32,0,liquidity_stealing
0x6ba0fe44eaac261d95b4702478fabb2e6ec71e45,14.0,2.95e-16,0.08679023242130039,1.002705e-30,16,11,0.8963603309145796,1,1,14,0,liquidity_stealing
0x86b0b4b1c7b5dd936605aff7eb55347f4bc9dc45,25.0,7.669339e-12,0.0007669339,7.669339000000001e-20,27,23,1.0,1,1,11,0,liquidity_stealing
0xb93d4bb876524087347f2ad65747f86a95fabe58,6.0,3.4,0.006486890874833111,1782.0555676138772,7,3,0.9994783452443756,2,0,272,0,dumping
0xce3b2e83b6e9ad009fadeacca2f5baf9b0c6fb59,7.0,7.88e-16,0.620472440944882,1.0007599999999999e-30,9,8,0.9999991138785445,1,1,16,0,liquidity_stealing
0x2494a68c1484376fef880b4c24d91f049d29b02a,8.0,0.3139048603131836,0.0040001604386613295,24.63307730757291,5569,623,1.0,2,0,1428980,0,liquidity_stealing
0xd63586b6c4353451336d0561ebe751c38167528f,11.0,1.4e-16,0.019436345966958212,1.00842e-30,24,10,0.4837556883328835,1,1,33,0,liquidity_stealing
0xa06725a857f26aa18f80dfad5e4a7f7e2fec2eef,7.0,2.7426e-14,7.412432432432433e-10,1.014762e-18,208,195,1.0,1,1,2836197,0,liquidity_stealing
0xbba6fc28a65ae3f07bbb04258aa695716544b289,6.0,2.112037236e-09,2.112037236e-09,2.112037236e-09,6,4,1.0,1,1,14,1,none
0xe58d9b332affb9a77996dff6ddad5dde46352057,6.0,1.1e-17,0.00011821474245306337,1.023561e-30,9,8,0.9803811859991788,1,1,111,0,liquidity_stealing
0xf7bc77ca3800acbc939b990c9b4eeb88fc7e8278,8.0,4.7e-17,0.0021696980888191303,1.0181139999999999e-30,10,9,0.8811880014469026,1,1,32,0,liquidity_stealing
0xb4437e1c6191c4614d6ce18e3744954b7d944b3d,10.0,1e-17,9.001710324961744e-05,1.1109000000000001e-30,12,12,0.9999873816829722,1,1,18,0,liquidity_stealing
0x6d360105fbf001f0cf6602ca47aafd15f63ae58c,16.0,7.7e-17,0.005911708253358925,1.002925e-30,18,14,0.8211598870493004,1,1,34,0,liquidity_stealing
0x59bf9cbfdeed9be038a1fd3f043bb0872d84d0f3,7.0,90.8924242679659,0.00019434344842305518,42509448.38296825,8,8,0.9046901547280481,1,0,14,0,liquidity_stealing
0xa2eb8d9584cd7bf4cb71d136b1c1f2300aa3b5c5,20.0,1.7e-17,0.0002745256358498183,1.052725e-30,24,9,1.0,1,1,154,0,liquidity_stealing
0x20ee1ac757712398219d760e13eaf7633ce02fcc,13.0,2.49e-16,0.06184798807749627,1.002474e-30,15,15,0.8119071265475221,1,1,28,0,liquidity_stealing
0x5ebce946c00f46da6ca7123df0bc4b2d3b27b153,17.0,0.000300872250860891,0.010046789606603797,9.010252516743962e-06,35,30,0.28812722313119227,1,1,97,1,none
0x60687d1048e9147ec0d19abeed5d0c55f1cfce76,5.0,1.7796616662099203,0.0020041234979841444,1580.3395595944091,7,6,0.5,1,0,2377,0,liquidity_stealing
0xea3ba3ec648bb466d6af14e2c6aaf6bc80493e85,18.0,1.5e-17,0.00022192303709073693,1.013865e-30,20,14,0.6328497670177873,1,1,53,0,liquidity_stealing
0xe60e7c87a5f233ba40434c9098fe6483a51fd890,18.0,6.9e-17,0.004683363877010792,1.016577e-30,20,15,0.8354306195393082,1,1,29,0,liquidity_stealing
0xf678355d3efb31fc8a656fbb1a8f5e8dd6218e9a,25.0,0.000698731895991527,7.763486308394103e-12,62887.502222813215,30,15,1.0,1,0,1341,0,dumping
0xfdbfed4f885a3a4366bf03ff45b8ed03daa7493f,14.0,0.5122768468866179,0.000530029892741789,495.1184290730945,33,18,0.2919230157407316,1,0,99549,0,dumping
0xd70a71c57ec1a1f497ea33123918e74975fe04ae,6.0,7.502474714379e-05,6.946687845928887e-05,8.102728679954056e-05,17,8,0.7943538871180709,1,1,41,1,none
0x0fa9cb94cc0c86af5f5d4d24683eebfb782dbaa1,8.0,7.4e-17,0.005409356725146199,1.01232e-30,112,111,1.0,1,1,3330,0,liquidity_stealing
0x783ea55dffbf30e7c76dd1d7ebe6d95135f77d25,16.0,2e-17,0.00039503051610736934,1.0125800000000001e-30,18,11,0.9837707638543639,1,1,28,0,liquidity_stealing
0xae8bf6b79fb21270ef38eb37ddf507fe08419b95,7.0,1.252929135452755,0.0027842869676727887,563.8181109537397,9,7,0.8200000000000003,1,0,72263,0,liquidity_stealing
0xd6f36dafca99ed780169470f3fe58d631d011968,26.0,5.8e-17,0.0033214981101821104,1.012796e-30,84,21,0.31275821376149415,1,1,23,0,liquidity_stealing
0x75d70648eeee39c4f4faae66222a7024e23d08ce,12.0,2.1e-17,0.0004243281471004243,1.03929e-30,20,12,1.0,1,1,9,0,liquidity_stealing
0x467b62e8effc0a29a2961d1e7b84470054bbe90f,10.0,1e-18,1.045748428635464e-22,9.562529310274381e-15,14,5,0.9163334741422564,3,3,8,0,liquidity_stealing
0x4c7018aef40cd1cd6cd58a60cebe1112c39ea2c9,8.0,0.009458934561655929,7.688341398848136e-11,1163728.7992322196,10,7,0.8198826438083747,1,0,13,0,dumping
0x2433e9f0108703fdc5a0a6c4c8dea66f68d08a96,10.0,3.8e-17,0.0014383043149129447,1.00396e-30,22,8,0.8972159631705907,1,1,17,0,liquidity_stealing
0xbdb3802dfb079ad5e7029a03ff43159866e5f001,11.0,1e-18,1.794658979076873e-21,5.57208924736428e-16,13,9,0.997334161184345,1,1,43,0,liquidity_stealing
0x54287638ee712b2352392372c27f0be1da13e7d8,10.0,6.760992617244814,0.00676254800328557,6759.4375889428475,41,36,0.8199945005522994,1,0,64,0,liquidity_stealing
0x83fd1b757909c4b9ad490a7894ee98da4eca5fcb,4.0,5.12,5.242508874113236e-07,50003539.582818806,5,6,0.9540439068527298,1,0,33,0,liquidity_stealing
0x626d2343257496ddb49b839fea9233fe64589524,16.0,54.42253872660593,0.00016425646380070067,18031635.72937145,17,15,0.9430711043454428,1,0,44,0,liquidity_stealing
0xf97309f025e23e68108c395d0aed7342d48c4b89,16.0,1.25e-16,0.015570503238664674,1.0035000000000002e-30,18,15,0.9697580447108864,1,1,20,0,liquidity_stealing
0x653e81085af1a51dc30fa03a1faa9cb4d16a6c53,7.0,1e-18,5.654797247244701e-07,1.76841e-30,10,8,0.7186269584847957,1,1,80,0,liquidity_stealing
0x0b8cd4dcfed129c4cbfadbbefb227a872bcfbd0b,32.0,4.9e-17,0.0023670354089174437,1.014349e-30,37,20,0.9388843715808003,1,1,2734,0,liquidity_stealing
0x46d473a0b3eeec9f55fade641bc576d5bc0b2246,19.0,4.7653325101675605,0.00022050602270902263,102983.10065855033,110,94,0.2835772302369246,1,0,85762,0,dumping
0xbd916e43b0168011cebb7673c04de7b389a60e09,38.0,0.034202839240376454,1.1367636589965108e-05,102.9091845824591,38,9,1.0,3,1,70,1,none
0xee3254d8045f865ab858cd320a43a4700a78094f,28.0,4.3e-17,0.0018204140383557004,1.0157030000000001e-30,30,18,0.6677332688325466,1,1,21,0,liquidity_stealing
0x65b9af2faa11a158d67771b87b2f183c738bd4da,39.0,9e-18,7.281023226464093e-05,1.1124809999999999e-30,41,31,0.8306107532469464,1,1,20,0,liquidity_stealing
0x30ee9a0d69bd2749520811b8d0052cc265373c65,31.0,1.35e-16,0.018065034122842234,1.0088549999999999e-30,93,73,1.0,1,1,42,0,liquidity_stealing
0x059a5005f6f966ab4ec86c80c5ae3338cd165c5e,46.0,0.32346087089516484,1.0803077545850774e-06,96849.19371928734,50,30,0.8041457281189099,1,0,3231,1,none
0xdd9744cc5c72552c8282d25a816809a6dd12f2bc,31.0,18.376654349919786,4.991535992312343e-05,6765481.118768507,34,23,0.2641610741527244,1,1,120,0,liquidity_stealing
0x2951f8372b88ee63fd84b032e48774537c27ccea,79.0,0.00170120405495596,7.969274624729002e-05,0.03631566701965695,161,39,0.8232717446309948,1,1,451,1,none
0xf0ee83b9fdc0072806f8348699000700347ab356,43.0,0.000234493757809365,6.081215809969462e-09,9.042159359220841,60,23,0.6104754394318486,1,1,33,1,none
0xf6f8a2c3d57e77f6d2b3bc27adf1d19ca4179163,49.0,1e-17,9.602642647256525e-05,1.0413800000000002e-30,115,64,0.5190072888788554,1,1,5206,0,liquidity_stealing
0xdddeb9c373ee34d280f205262c5a9ad6876e6eab,27.0,1.84e-16,0.033668801463860934,1.0055600000000002e-30,57,17,0.9195806679971289,1,1,111,0,liquidity_stealing
0x419d48ffc4cf75ecaf4f87322eecccc386a17c53,29.0,2.550351238476058,1.0746903947915495e-05,605224.6741125808,40,20,0.2607278774511725,1,0,4,1,none
0x8cd581d08b5417994000ed31ad7f95c5fd80f4cf,64.0,3.7e-17,0.0013508579773640014,1.0134299999999999e-30,73,44,0.19115861943374585,1,1,14,0,liquidity_stealing
0xd18a476d50917e4ac65189a546813d3b8f4efda3,77.0,1.0005e-14,9.232935767660051e-14,1.0841624757167444e-15,81,39,0.7597318414660431,1,1,27,0,liquidity_stealing
0x33fc16d986732326259d00e28a08b1d43758f29d,53.0,0.06498364743842411,0.01946373858284998,0.21696111548283387,62,50,0.14193816213437335,1,1,55,1,none
0x802c6bf533cabba3079fdb9c7cbaca488fbe5d36,69.0,0.08,3.1606228534103116e-05,202.49173333333337,80,19,0.29021755270692323,2,1,112,0,liquidity_stealing
0xb77b2a2e2513e1c84d85b4b2006a6bdad9c9dfb4,6.0,0.003207932341790642,0.0010693107805968697,0.009623797025372024,119,74,0.5723610668136089,2,1,170234,1,none
0xb88aef419b7acfae7dae23cde0432285fb0b726f,75.0,1.3e-17,0.00015579684091944105,1.084746e-30,254,149,0.5194736934084943,2,2,4,0,liquidity_stealing
0x30668a4baa26f618dc70fa2835b6e3b347ef9a0f,4.0,1.4,0.001,1959.9999999999998,6,4,0.9721171309050098,4,0,1130,1,none
0x8146ca745cf0f96f92d951d3e1fd60c8f8ce85ca,38.0,5.2e-17,0.002652384595766386,1.01946e-30,121,96,0.873702147528919,1,1,74,0,liquidity_stealing
0x7d7b9106c4f862fa904d4593660ccbba6129a921,54.0,1.11e-16,0.012208534975802904,1.009212e-30,71,28,0.6274040571675739,1,1,176,0,liquidity_stealing
0x8f8c3ac36d9673143c15495437636a2b582d9d2f,42.0,225.54384564068178,0.0025425049619637427,20007837.572555784,140,108,0.443214010377709,1,0,9,0,liquidity_stealing
0xb7d884e5c0f471b92a6430c3fec437469eda65e3,7.0,1.4071241758942743,4.690413919647581e-07,4221372.527682823,165,99,0.6907926682407833,3,2,246,0,liquidity_stealing
0xd4a80224350528b7c0ae8c325a0b5778d92fd86e,26.0,1.815388097138077,0.00022214171030434136,14835.727782573935,132,106,0.9411704384579944,6,2,124,0,liquidity_stealing
0xb93c3817b4bb9a7c3e87bf606341e100a06c31e5,32.0,1.8350707996470805,1.8523915092266695e-06,1817912.0466403037,33,19,0.9814739276807775,1,0,176,1,none
0xf49e9e77979e25b4c04c3b1a506fb44baf30c6c3,15.0,20.809606463961426,0.002581529262127878,167745.42420952587,16,11,1.0,2,0,1700943,0,liquidity_stealing
0x468c0a6dcb568d2ed1f4addeff3e6a459a615caf,34.0,2e-17,0.000389749585891065,1.0263e-30,36,29,0.9484518734969103,1,1,12,0,liquidity_stealing
0x493d665b58e5dafa64209e7627f8de33acc24317,28.0,1e-18,1.6049350749712647e-22,6.2307816409203005e-15,30,21,1.0,1,1,8,0,liquidity_stealing
0xe7fb24deed5f77c82d531f3a62209743331b87d3,38.0,831.4933185743888,0.0005119579633503404,1350464663.7574182,45,27,0.8161514032168192,1,0,21,0,liquidity_stealing
0x77d1a459fb2e4535e17839da39daa303c29ea850,39.0,1.4e-17,0.00018915851483543208,1.036168e-30,81,47,0.3860470783486365,1,1,9,0,liquidity_stealing
0x281b1e0d7104a98e97a974cc75c788430c49c752,44.0,1.264e-15,1.5859473023839397,1.007408e-30,48,20,0.9558018771381533,1,1,163,0,liquidity_stealing
0x4d37fcf756800c35cccd2f4798316cce49cb4c0f,89.0,3.3726692924723656,0.023532686237103834,483.36590399320073,114,55,0.9134200727297775,1,0,116,1,none
0x2c911077807981d729692738cf33937b1cdaf8a1,70.0,4.7e-17,0.002157744927003948,1.023754e-30,72,58,0.15957289858749438,2,1,25,0,liquidity_stealing
0x79d31c3f1e6bbf8e747a8cd5f5e1fdd32ce0caa5,32.0,42.09134990171535,0.002211807077594961,801010.9717503459,69,14,0.996648223649417,1,0,1258,0,liquidity_stealing
0x88c090e188948ab68ec0954c22c89bcc33f0fbbc,74.0,0.00203399222531037,0.0010068057824078585,0.004109158335114801,147,40,0.5103933127385475,4,4,44,1,none
0xc65d463db182ab35eb6ba21727badaf62168600c,2.0,6.01e-16,0.3607442977190876,1.001266e-30,9,6,0.8609841516626489,1,1,37153,1,none
0x08cae08246e9e47ab20db3d87375094b1ef3a533,41.0,0.09053243537862155,1.1772748423747925e-06,6961.944280615997,181,131,0.32708406869600043,18,0,105534,0,dumping
0xdaab565ef0dd611b0132a4b55486ed1b366d5f6d,229.0,0.8146033542860048,0.003819896391977686,173.71639351465598,233,78,0.21995337138989865,3,2,14,1,none
0x4efcf9cd20d1a23dd2a588125304b9eb5e9963f5,132.0,2.9588640409640163,1104540898621.7117,7.926258252487145e-12,267,52,0.4104223451570436,2,0,6378,1,none
0x77ccb21b972e4d57b93a701f9647d494f1bc93af,270.0,2.26996296e-10,0.0001997975372920567,2.578976652870294e-16,486,300,0.4373239365984779,3,3,5,0,liquidity_stealing
0x903bef1736cddf2a537176cf3c64579c3867a881,6.0,0.000244175284417526,24417526.0,2.4417530883505444e-15,2072,167,0.9815688569591811,2,1,9402,1,none
0x73a9fb46e228628f8f9bb9004eca4f4f529d3998,74.0,282.91044934774504,472791991870.86017,1.6928865912772254e-07,140,62,0.8147153789798846,39,0,5923,1,none
0x7408ec9eb983660d3cec5fd16387b872550fc3bf,443.0,1.1647284667338647,0.001569510620406566,864.3410140600436,807,420,0.009335439798955802,18,1,99999,1,none
0x1b0991b57a6a165556df6597ad9106d208c67456,851.0,1183.9274686099484,0.028175955891640726,49747531.41720433,1211,618,0.3525029614950306,3,0,22748,0,liquidity_stealing
0x348930eed0fdce6fa560494b178c5574e7f8dadb,104.0,1.1619481150531175,3321749900094.676,4.064494506455805e-13,105,44,0.5316637801040002,1,0,24,1,none
0xe59064a8185ed1fca1d17999621efedfab4425c9,58.0,8.285638720563938,0.0009713334462110722,70677.90085423483,207,89,0.5987550027872317,2,0,158209,1,none
0xcb5f72d37685c3d5ad0bb5f982443bc8fcdf570e,2133.0,348.93584634210765,1.4949697394093515,81443.93940079864,9295,1811,0.3562454783638537,16,7,45358,1,none
0xc2dae0c44039b84dad6b7cb82d4b38ebf6af7780,1364.0,9.37230935636446,175924570350.78937,4.993059383134805e-10,4240,367,1.0,110,79,596,1,none
0xa5ab0a31c34bce7c30a44edbecd685ca9039152f,330.0,6.5e-17,0.004185986604842864,1.00932e-30,450,147,0.2183861379671694,1,1,112,0,liquidity_stealing
0xcadb96858fe496bb6309622f9023ba2defb5d540,31.0,0.537979009119753,1.0095137147750074e-06,286693.89035291644,226846,41939,1.0,2,1,2215214,1,none
0xe5b0792400a47af372486704eda0f1799ee83f54,2287.0,400.2659916199931,0.01981152287183509,8086852.539503759,2419,975,0.07882673629218129,4,0,68641,1,none
0xa299cfd39fae53cf0863eb4c5e804c1a5a35b39e,95.0,0.007002967098935928,0.0003343237486786817,0.1466887960625043,195,45,0.8734147839522295,1,1,41,1,none
0x53c04c2cec60b08db00100de5408e8c1b6f19f27,113.0,39.98717095210306,0.02060516815472416,77600.62081250799,187,139,0.10668896115565984,1,0,8,1,none
0xf0196985601598a35a48606b643fd2c34fb861e1,40.0,18.451988550179223,2.9977518756209975e-06,113577072.28034478,148,70,0.25092685683496946,2,0,17094,1,none
0x441030078ced84347e067beec402de5a7653414e,124.0,0.00828887849846581,0.0012881831044953963,0.05333520252095059,255,56,0.667927724655864,1,1,755,1,none
0x9ff6750ca0b47fada9feb7a375ac0a049850584d,290.0,3.5809501876590133,0.004593988659485839,2791.300805677283,473,103,0.7085558425284294,2,1,87,1,none
0x158103a14d8076c350b330139446d621ea864555,431.0,1.4e-17,0.00019140325932407305,1.024016e-30,680,269,0.9460017412928536,1,1,13,0,liquidity_stealing
0xf550b4f420bb379bf372daec3b670a8cf58dcbb0,629.0,9.453830671689353,0.027417793490976027,3259.7413208466314,1401,250,19.009334749779402,1,0,344,1,none
0xb16d7fab1b733fae97abf6a280411de3e55b39e0,17.0,0.002724211691996762,1.0859800316360383e-11,683376.2248493246,19,10,0.8199421177966614,1,0,18,1,none
0x103f3c536ee29b45757991f080cc0db71791d4fe,5.0,4.854208966153715,5.884779862643118e-05,400411.6591797839,8,5,0.9905149906528606,1,0,70716,0,liquidity_stealing
0x47a7168cacf04a5bf288af0316f2f6f240a4ca8a,8.0,103.57810776793136,0.536360145893055,20002.27737078054,10,7,0.6659061955525729,1,0,43,0,liquidity_stealing
0x8ae545aa5d2f8d8eb140b65e9a8eb2064fd5c3f2,11.0,63.35936173831276,0.00851857740763009,471253.4180050608,12,12,0.9905902671102494,1,0,14,0,liquidity_stealing
0x5b0b96c59c00a04c227d6deb6c778d6bc59b83bf,10.0,0.16221405895421095,0.010970308496515112,2.3986017285438312,12,6,1.0,5,0,6416,1,none
0x90f58bbdccfd41e294cc9cf8ea035d33f4693269,19.0,2.268939448433e-06,5.126559917962128e-12,1.00419897612391,21,15,0.7856742036061444,1,1,45,1,none
0x97a67ee91ba602f4205feee9a77630bce37dc9e6,14.0,5e-18,2.0504744797946247e-05,1.21923e-30,16,10,0.993623308219007,1,1,11,0,liquidity_stealing
0xcf249d6c98a6373ee58667d795f21c7f7d5b7a85,15.0,1.3e-17,0.00016472794546237867,1.025934e-30,17,16,0.9998973270108796,1,1,22,0,liquidity_stealing
0x0048bac562f7745916c45c5f2753a37977fa963f,14.0,25.01938554521695,1.0007318220013677,625.5118896972133,43,10,0.982408161851821,1,0,141,1,none
0x06b80a08ab8cb1123c6cde68d07422053556dfc3,13.0,1.08e-16,7.567009425380134e-13,1.5414279729688657e-20,14,7,1.0,1,1,28,0,liquidity_stealing
0xfc49de2e7f5dbfdc3f457b31f6aff834175aec85,19.0,2.6e-17,0.0006576118572476415,1.027962e-30,184,175,0.9979895093900647,1,1,24,0,liquidity_stealing
0x5f94bdd4ca94940a359982e58132e42bf4f6d377,7.0,1e-17,9.36119224144387e-05,1.0682400000000001e-30,9,5,1.0,2,2,68,0,liquidity_stealing
0x9c4a3f8197d684d458092ec3ec3b993505d7b8c8,7.0,1.4e-17,0.00018908442619629663,1.036574e-30,8,5,1.0,1,1,37,0,liquidity_stealing
0x33a70062ed0debe24628d46b9f145ace2f160f8d,19.0,1.9e-17,0.0003485598972665566,1.03569e-30,25,21,0.3488387894787937,1,1,110,0,liquidity_stealing
0xd9224924a5e4247af4a252c02d059143e56fc947,23.0,248.0491550178644,0.0017887215024395202,34397967.05141744,56,39,0.750310559083604,1,0,25,0,liquidity_stealing
0x1de4918a33bad1d7f812ee82f9e993df7d769cac,20.0,1.06516e-13,10651.599999999999,1.06516e-30,21,11,0.9029725957924484,1,2,80,0,liquidity_stealing
0x35e067c0f4311f65d1eec2e25fa12d798cece9c0,4.0,0.10995989954649628,1.9496436089804306e-06,6201.73833442239,5,4,0.9999938000176409,1,0,73,1,none
0x21b86c38b61463f36bae92d49e4c95fff419db53,8.0,0.03686228071670852,0.44914880605025875,0.003025339756742827,15,9,0.9996000538511675,1,0,6284,1,none
0xf9be3ebabe3627ddc7213f38bc39237c960dd2df,6.0,3.5e-17,0.0011929513616687685,1.0268650000000002e-30,7,6,1.0,1,1,48,0,liquidity_stealing
0x1e9e699f4a7e83f0fe984cf88c20e8325e99e85c,34.0,1.3e-17,0.0001608711793094914,1.05053e-30,47,23,0.24806138024559543,1,1,8337,0,liquidity_stealing
0xa7873d036846b5155bb3767e57314c34cf7313d1,55.0,1.1e-17,0.0001191365846790352,1.0156410000000001e-30,93,43,0.7624133720528843,1,1,49,0,liquidity_stealing
0x263855ebfe85a1532ffd3ef21dee111378be8514,37.0,5.6e-17,0.0030842099465770777,1.016792e-30,39,15,0.9988951637359166,1,1,22,0,liquidity_stealing
0x0af4b1d8726235e66c75f2467f02159c522355d8,29.0,4.4072134103120435,9658198085.45048,2.0110925321872143e-09,58,17,62.57023413121194,1,0,63,1,none
0x9f04e0cde25f0537224a899a243cba20a6db141e,45.0,236.79641062048003,0.00466896316034006,12009634.292907763,94,56,0.32738191380706344,1,0,26,0,liquidity_stealing
0x673bd4bd6b5a90347312c0a867bbce49db728b1f,56.0,304.4658300550636,0.0003425315596813315,270630366.8992143,85,36,0.6024807482830102,1,0,28,0,liquidity_stealing
0xb00c522d66a0d5592502105716401c1fc9719a8a,29.0,6e-18,3.175560883441038e-05,1.133658e-30,62,37,0.007754923684665875,1,1,25,0,liquidity_stealing
0xf344490abd414dafa97f34c8ca501b0aa5bf8873,4.0,0.1205942751548516,93473499977.40686,1.5558398052538088e-13,5,5,0.9997122985313395,1,0,64,1,none
0x12c765e05146414fa948b9dcf934277247a59ef1,35.0,0.03259514630594611,1.3085885526982483e-05,81.19003949066521,222,193,1.0,1,2,20,1,none
0xb9fce6dfe378c58e040047fed6fb4ec60a85e6cb,66.0,3.1e-17,0.0009491151797195517,1.012522e-30,256,201,0.4103380940363584,1,1,97,0,liquidity_stealing
0xd2d64d3758928a09448d6a865b8bd5f325777876,27.0,2.5e-17,0.0006137680447805165,1.0183e-30,29,12,0.9995479282586565,1,1,19,0,liquidity_stealing
0x6170a7c975fa86ba459399b377e678875560178a,29.0,7.5e-17,0.00557165143748607,1.009575e-30,31,24,0.5972664599337234,1,1,37,0,liquidity_stealing
0xc79732dda9bb015f45465761ac39d100d573c095,38.0,7e-17,0.004822597313124355,1.01605e-30,40,31,0.5526583329705317,1,1,24,0,liquidity_stealing
0x28f1770db2e7674395d16451e93f40d2a6aad2c3,47.0,7e-18,4.388329551011196e-05,1.116598e-30,94,52,0.8239163600925705,1,1,51,0,liquidity_stealing
0x11f39d29d67f281d659085c6935dfc9e338baa93,80.0,0.05909532104321568,0.5005649468061416,0.006976631087500437,82,52,2609041.181626465,1,0,85,1,none
0x4187a41b8437cfec54813c2e956b9a4715865353,66.0,2.54800370712123,0.001254023278222377,5177.194876881897,85,39,0.0012779415216330422,2,0,34381,1,none
0xd48c255c36aa12361dadda3dd1f7b8ed228a798f,28.0,440.04522749876327,0.00024196902693330202,800266896.5471126,101,80,0.9801685918938045,1,0,19,0,liquidity_stealing
0x9e984f28257ae9c57918515627b078deab4e11fe,23.0,0.8426751329729619,7.763228499381476e-07,914698.542993518,483,254,1.0,4,0,4118388,1,none
0x192310b4a73cb9c9d034d6ac80140fd97f39f900,79.0,1.488611e-12,1488611.0,1.488611e-30,396,380,1.0,1,1,47,0,liquidity_stealing
0xe72ef6762fda9250ac123d97f782561a83a82406,145.0,9.5e-17,0.008987701040681174,1.00415e-30,253,117,0.27820537543042906,1,1,18,0,liquidity_stealing
0x97f88fcc106dbea24c5f57ec4b65eb810f2ffe66,544.0,1065.0898104450928,0.0035401390604027348,320443995.26636386,558,214,0.6546068445679373,36,5,27113,1,none
0xf56a6b1479941e11829d6b50d9e2a78e67dfcf7c,123.0,3.140930899622957,8.261008870878547e-05,119421.81724297193,263,51,0.0025787818080282546,2,0,53378,1,none
0xfdc4a3fc36df16a78edcaf1b837d3acaaedb2cb4,4.0,3.9e-17,0.0014949402023919044,1.0174319999999999e-30,582,238,0.71882108825048,1,1,11917,1,none
0x36ac219f90f5a6a3c77f2a7b660e3cc701f68e25,18.0,11.073509418654984,6.947414600704042e-05,1765010.6966786496,348,321,0.9249173308255244,10,0,16018,1,none
0xc414ef2ec3a885c2c64731204a34a4a838003435,764.0,36.838554223401125,0.005425901284721259,250111.27295880785,884,233,0.5791681043793031,187,0,0,1,none
0xe95a203b1a91a908f9b9ce46459d101078c2c3cb,20.0,25.211999846444805,1.0657319125188838,596.4398070381229,514,199,0.4944054052375197,4,0,220449,1,none
0x92e187a03b6cd19cb6af293ba17f2745fd2357d5,1302.0,290.2840179559918,0.00019870802455419694,424063453.24867165,2056,878,0.11194101908045623,21,2,1380,1,none
0x8ae4bf2c33a8e667de34b54938b0ccd03eb8cc06,3.0,0.204,1.460065103770039e-05,2850.2838601198796,727,495,1.0,1,0,7557626,1,none
0x79579a3c2a3bd4c4881017ae53af0f73c31f9af5,821.0,9.744508544790571,3700.9255223864857,0.02565721633821636,851,217,0.09507128766663926,10,5,45,1,none
0x6589fe1271a0f29346796c6baf0cdf619e25e58e,42.0,8.332171537393398,0.0001717280937880792,404273.2962157175,1137,460,0.09045169275346338,1,0,70953,1,none
0x4e110603e70b0b5f1c403ee543b37e1f1244cf28,2.0,0.47,0.04908262222222222,4.500574541430821,6,6,0.5656863407933017,1,0,6847,1,none
0x72dd4b6bd852a3aa172be4d6c5a6dbec588cf131,3.0,0.3335056736104701,7.325268698140531e-05,1518.3884566392408,1360,1058,1.0,1,0,6630171,1,none
0xe0ad1806fd3e7edf6ff52fdb822432e847411033,1980.0,989.0116024029929,0.009821145692837907,99595707.08751929,7904,523,0.2836199457827267,384,58,25992,1,none
0x4819a96eb4b22454d628cd683ae052c2c9076808,280.0,54.57348549854913,0.40883851592501425,7284.69848962714,599,226,1.0,3,1,184544,1,none
0x5c1703db906f3e244531b328fecd2e5dd3e2d066,113.0,8e-18,5.710492315818778e-05,1.1207440000000001e-30,231,138,0.24261017423937156,1,1,550,0,liquidity_stealing
0x532b7339d36b3806ba5410ce29eaec19029555ea,228.0,22.949224859781477,2509785.5004850924,0.00020984539179265228,453,98,0.319389188147331,1,0,0,1,none
0x20994aff2bd833940fb602ea03ad86a86bde03f0,367.0,9.801918555119418,5976.201947869145,0.016076700251980516,372,103,0.06547506093126194,2,0,15720,1,none
0xf567e2747480ec9feeec18de46afe5d74e5fd2ec,3.0,1.503603234791855,0.44627503459005624,5.065985126757762,8,6,0.6244948425342158,1,0,8559,0,liquidity_stealing
0x2524c1ea165f884ac42c7e1369219a1f59870650,5.0,1.27,0.0001611797791475698,10006.838379666056,12,9,0.8180608905068025,1,0,249,1,none
0xecf96bee48be24f8ce1ea045a4f6c6cf061190e1,23.0,436.89508473545663,0.00039755503808641256,480128024.4988689,27,27,0.7621961817751429,1,0,17,0,liquidity_stealing
0x76fdcf410502782f421d8dbc23fcf920eaa490c4,14.0,1e-18,2.6624975505022535e-07,3.755872000000001e-30,17,13,0.5346719015860621,1,1,447,0,liquidity_stealing
0x57dbee5197064d5f85523bfa0397bd770bcd3523,19.0,3.0651445385935756,0.0002043429692395717,45977.16807890363,28,7,0.58,6,2,169,0,liquidity_stealing
0x6822e298a27b93a3051422c5257242499d03384f,9.0,1.158e-15,1.338728323699422,1.00167e-30,13,12,0.995676527501299,1,1,47,0,liquidity_stealing
0x5e1213724a34929bac252a7874514554437ebc9b,15.0,1.1e-17,0.00011557171224744955,1.046969e-30,16,13,1.0,1,1,1301,0,liquidity_stealing
0xc3c735ddb1982593eaddceb26f3fac007bc5827a,11.0,39.0521,0.003379910045279325,451215.11933136807,12,10,0.6464197082595806,1,0,424,0,liquidity_stealing
0xaec367c252764e61c39de84208b305f283360778,23.0,5.7e-17,0.0032096401824427056,1.012263e-30,28,28,0.6242112327599733,1,1,12,0,liquidity_stealing
0xc5d428f3d7ceddf62f5b25fb97242a67c96c1261,42.0,9e-18,7.544069941910661e-05,1.0736910000000002e-30,129,95,0.8214087857117952,1,1,46,0,liquidity_stealing
0x5e18e3a60c8470872c20aa9bdcf6ae73f8ee7ee9,46.0,0.004736589643124708,4138.224409823656,5.421475305712649e-09,49,12,1.0,3,2,4,1,none
0xb4c155c62916d75d668abc2d8db2d7659d6614a5,27.0,0.000739130973893046,7.391134776082305e-13,739148.4705920335,31,19,1.0,1,0,716,0,dumping
0x0b94cd8499a950cfd31c04247c293f2f95093f9b,65.0,365.49921220151964,0.0001235348974269545,1081392196.8804183,71,61,0.9128243003788079,1,0,19,0,liquidity_stealing
0x4304bcf01cc42502916263610dda645fab918ee8,31.0,343.8464277966751,0.07878273764818752,1500714.1086731972,131,108,0.4820054903772965,1,0,10,0,liquidity_stealing
0x52502535375d32bb3581283acb7ed19507f16dd1,40.0,272.60855350308833,0.0002579031664693775,288152427.36412907,47,40,0.8648557897124538,1,0,22,0,liquidity_stealing
0x3fbf5b3241e3298369bd610d29a2540b626e60ec,37.0,5.9e-17,0.0034220752856562843,1.017219e-30,43,20,0.5625673346508505,1,1,43,0,liquidity_stealing
0x1829aa045e21e0d59580024a951db48096e01782,2.0,0.42527394378937866,4.520642055423008e-07,400071.3284724956,387,333,1.0,1,0,6667171,1,none
0x7697b462a7c4ff5f8b55bdbc2f4076c2af9cf51a,3.0,0.07368728801985128,0.020377064675377296,0.2664670551044409,58,45,0.4233848010248621,1,0,64221,1,none
0xbc81bf5b3173bccdbe62dba5f5b695522ad63559,3.0,0.000108458238238182,0.0007562683221371345,1.555425382420979e-05,4,3,0.9999998565876327,1,0,98,1,none
0xaf2cfa3d6369cd6675ed5a516dadf99f032f25cd,515.0,3.222277293937769,6179.251734579883,0.0016803120191595234,946,153,0.3279318352375548,19,0,0,1,none
0xfd6c31bb6f05fc8db64f4b740ab758605c271fd8,9.0,0.8081649939118435,0.0003867661689053448,1688.6964525182498,1423,783,1.0,2,0,3496924,1,none
0x9766d2e3f04ae13e8c2eb018ea51dc640d3f9f1f,48.0,29.076845989668012,0.002658461248770166,318027.194527659,345,119,0.15706388516089922,3,0,23,1,none
0x3b35a6989b22d5e334f3e5d2a7db85015d6ed1a1,10.0,8e-18,6.382791992787445e-05,1.002696e-30,12,11,0.9997291377346763,1,1,103,0,liquidity_stealing
0xce199025322658e2ae08229f3eb0bc6a4771a09d,9.0,1e-17,9.00300700433945e-05,1.11074e-30,14,12,0.5612382233071176,1,1,2245,0,liquidity_stealing
0x3fe5cefc8a0e7c50b292dd00182ab7f9aef20cb1,26.0,0.001000000000000026,1000000000000026.0,1.000000000000026e-21,31,25,0.7314188085575527,2,2,67,0,liquidity_stealing
0x67520897d47dcbfc4da681db17ae1d3b1612751a,11.0,0.05213455530505909,5.213455530505909e+16,5.2134555305059093e-20,13,12,0.9976688019504738,1,1,169,0,liquidity_stealing
0x4f777064783c86198c20e4039e0553b3fca36522,3.0,23.00177429566273,0.07396068905357792,7153.55180595111,4,4,1.0,1,0,13175,0,liquidity_stealing
0x220634a59b98c53b8dd2e0123dc536e86500f654,17.0,248.751,0.01239719272897563,4991215.459317366,18,17,0.5591040582454178,1,0,24,0,liquidity_stealing
0xb49c3eb07d0af7ceb072162206db21c185baa0ee,27.0,3.5428038e-11,3.5428038e-11,3.5428038e-11,67,26,0.8724715773149828,1,1,445,0,liquidity_stealing
0x111111111cfacf48287ff59cc0c7b03629f1444f,67.0,0.11756321937337753,0.00014295944512999147,96.67854080481011,141,38,0.8234531627524592,1,1,2665,1,none
0x0dd0668377be6aca8361a80423b5532cb109e0ef,55.0,8.3e-17,0.006845925437149456,1.0062920000000002e-30,57,39,0.8698898687019588,1,1,27,0,liquidity_stealing
0x32ba720a38dcd3a9d4c04aa398f4d7e65a7547f5,29.0,2.128837430778948,4.5927805373066055e-09,986754923.2699093,31,19,0.3247862657167573,1,0,7778,1,none
0xf1ca9cb74685755965c7458528a36934df52a3ef,19.0,0.6364673651535694,3.038589161536225e-05,13331.5392562226,114,129,1.0,4,1,6053551,1,none
0x0394635c930716a7a5c0da1da5ed8a0b12305cff,38.0,0.5590249119067914,0.003288449025675836,95.03229324595341,655,618,1.0,3,2,32374,1,none
0x7f97fbdc47cc5b5a3666a2e9143a36e46991af27,19.0,219.9727131317817,0.00013437287743001857,360102391.55411106,20,21,0.8485995767384933,1,0,5047,0,liquidity_stealing
0x1e0cd9506d465937e9d6754e76cd389a8bd90fbf,9.0,1.1659836405947261,0.006438437884456096,211.1564753022977,13,7,0.8235337550670847,2,0,4084,1,none
0xad4e39d9b0c4f3c6f6dac3a4dc2a1b5160ecd380,42.0,10.671952907595797,0.0009604733764040505,118577.54900853292,42,18,1.0,1,0,9913,0,liquidity_stealing
0xef6344de1fcfc5f48c30234c16c1389e8cdc572c,7.0,4.12355602728753,9.062760499533033e-05,187621.79924158263,3170,3077,0.08842290822436415,4,0,21655,1,none
0x8a9c4dfe8b9d8962b31e4e16f8321c44d48e246e,456.0,15.218849593620185,6.381542263274453e-05,3629426.4520688043,11687,1419,0.00472470465023311,16,0,16070,1,none
0xca394a62cf89e3ae80dae858d96afb93e4120977,166.0,1.7783196370014345,0.002500637690592433,1264.6457114687798,168,71,0.5302327147221053,1,1,135,0,liquidity_stealing
0x870cf5b667e2fe090acef12112e8fa195fab711a,230.0,11.385989292479033,7.353374568556303e-07,176301031.53292748,481,115,0.812034920355859,1,0,2301,0,liquidity_stealing
0x88acdd2a6425c3faae4bc9650fd7e27e0bebb7ab,75.0,13.83596868951708,0.0012386436489756334,154551.33503135803,457,124,0.058028663710935756,17,2,76094,1,none
0x2bd6d9a13b2294dea7198174a592b7c25001c4fc,78.0,54.201044006470596,0.3258212384824486,9016.456953740337,85,29,0.33259881593217966,1,0,168,1,none
0x90d938022690dd03bbc631ac6485d7aeabca787e,83.0,17.68786252213082,3065705.8778232248,0.00010205169480378977,100,65,0.42851561209520733,1,0,18872,1,none
0xc6c2d96ee4c55bab51fe6b0b9aa40032abe65180,359.0,8.059333455561623,1.3081964546969183e-10,496506893247.7963,721,148,0.40253313741958585,12,1,0,1,none
0x605da996ef24e84f7b3baf8df6926c260c7a90a6,558.0,5.247739944099795,1.1089394332814973e-06,24833434.265575416,581,225,0.14468881441795534,3,1,416,1,none
0x36b72e22bc584015f07c586c11d8bd5bcf788356,9.0,1e-18,1.5625000000000001e-22,6.400000000000001e-15,31,19,0.9961008978942402,1,1,529,0,liquidity_stealing
0xd3c7c6c5655e6f85b8351aae90f1403566176ed8,15.0,0.1388923527152988,1.9004579525673242e-06,10150.756356766897,19,6,0.6153714186897496,5,2,134,0,liquidity_stealing
0x78edaa576366633d18ecb98ad364f25002293cf4,8.0,0.005025279142154331,9.995375322724475e-08,252.65114756779292,17,7,0.4938642657300931,1,1,4228,1,none
0xa06bc25b5805d5f8d82847d191cb4af5a3e873e0,3.0,1.33e-16,0.017571673933148367,1.006677e-30,16332,1975,0.023480751845671863,1,1,619829,1,none
0xf345c5cd8261be9485c2b487adebaaf44953ac6c,25.0,1.79981076e-10,1.79981076e-10,1.79981076e-10,26,16,1.0,1,1,687,0,liquidity_stealing
0xe3c1c14e069dc260a374307c367754fcef7067e7,5.0,0.13029887449565336,0.0001129314306729303,150.3372143048889,7,7,0.9997157265020381,1,0,6046,1,none
0x1a7f0b3af6e9e9953f4b61ecb2791e55dc7dcb19,12.0,8e-18,6.100211219813487e-05,1.0491440000000001e-30,62,16,0.815290099555708,1,1,171,0,liquidity_stealing
0x393ef87bb6257eb049940315523545e963eea420,6.0,1.516787874e-09,1516787874.0,1.5167878740000002e-27,10,7,0.9999998000000201,1,1,184,0,liquidity_stealing
0x832f8716009bedea6eacf012e6dc8a7927c1bc9c,43.0,287.4647278695357,9.294475896332077e-07,88908692314.45016,45,40,0.680445944854991,2,1,27,0,liquidity_stealing
0xe102700f1d6a95cb562016be59fc43e275d32912,43.0,0.32998795949279275,2.9927837283845005,0.03638487217684679,749,57,0.4447084944671236,3,1,17160,1,none
0x6824822886c5c7e09451249e700980fb4cac256f,46.0,1.7868092123413488,5.744538151707883e-05,55577.786707861065,0,0,1.0,10,3,19573,1,none
0x059d44edd2c15fd0050feb8cc97b3e93e5837506,2.0,8.994367837986754,8.76312101108522e-05,923171.6953660108,19,23,1.0,2,0,6411726,1,none
0xd552d0868317d91cc76aff307c2c07b238a09f73,71.0,0.2733534766498625,5.4166277878914306e-05,1379.495252814012,81,31,0.2020665085616136,1,2,422,1,none
0x006e75c5afc39921b650b7f360e3e70c5429086f,23.0,6.935789253027227,8.369807381161536e-08,574746471.115708,25,24,1.0,1,1,41,0,liquidity_stealing
0xc5c662cc0c11f8ee1b3c2edbb634802b514c463f,14.0,141.3481407814645,9.245180645792194e-05,216104992.08006272,15,15,0.9645587411199676,1,0,43,0,liquidity_stealing
0x0e7a3edeace94903fc7d55f830265299691e2fcb,25.0,244.93707981046109,0.0003426178314870577,175105226.7352362,26,27,0.9826279640561453,1,0,14,0,liquidity_stealing
0x63726dae7c57d25e90ec829ce9a5c745ffd984d3,3313.0,438.043459548901,13874.799920586674,13.829537979056944,3792,1304,1.0,10,2,161,1,none
0x33835bc4bd50ba1e3ec10f5fbeed559a234a6931,447.0,2e-18,2.2199800423794192e-06,1.8018180000000002e-30,471,404,1.49587032806384,1,2,77,0,liquidity_stealing
0xc4c7ea4fab34bd9fb9a5e1b1a98df76e26e6407c,3.0,0.111,0.000705256463132772,17.470240464397477,1956,1787,0.3689339119436057,1,0,398388,0,dumping
0x29502fe4d233ef0b45c3647101fa1252ce0634bd,1442.0,15.834566914647953,0.4038928581648946,620.7921341161677,2435,563,0.0079620610126088,2,1,149,1,none
0xde3e18ecb613498b9a1483af51394ec2259bcd0a,38.0,19.671297991524412,0.0006154746432966634,628717.9640718923,433,374,0.09231839496281413,2,0,100,1,none
0xf938424f7210f31df2aee3011291b658f872e91e,3596.0,497.90825296586246,0.0002955940024922016,838693025.8439791,7895,2273,0.373145108483782,12,6,13918,1,none
0x4d75d9e37667a2d4677ec3d74bdd9049326ad8d6,649.0,99.07801347923488,0.0030034442542404764,3268398.519843304,983,457,0.037294403797544284,1,0,272696,1,none
0x7300eab43eeeaf3e4cf55573a4cf386347d2bcad,17.0,2.104857584795e-06,6.420466506697295e-14,69.00472804659273,19,17,0.4315689995140807,1,1,17,1,none
0x7278264d96813f2b22cff0f543e2a3973467d0ea,15.0,0.5352,6.26266772002413e-09,45737543.93581277,48,10,19.85684579104684,5,3,49,0,liquidity_stealing
0xe7e9adc235360c2b6c53f68f6fba58d0955790fd,6.0,2.67e-16,0.06745831227892875,1.056786e-30,8,7,0.9896794213607552,1,1,42,0,liquidity_stealing
0x2ad63a2b7e6eade59ba1e0d2777bd5e963613877,14.0,1e-18,6.737917902513108e-07,1.484138e-30,18,11,0.9693892086135546,1,1,25,0,liquidity_stealing
0x763a4f9370ef41cd0db825adf60bb53c4a9a1bef,5.0,1e-18,2.4392469251206343e-10,4.099625953e-27,11,5,1.0,2,1,40,0,liquidity_stealing
0xbdb84d00d489cace7b9c9fadc64397cce606f322,13.0,1e-18,3.1586091909671396e-09,3.1659503900000003e-28,15,14,0.42302189820431574,1,1,68,0,liquidity_stealing
0x6623a73b5c24b218a32b44822a3073c8a8b1ddfb,23.0,1e-18,3.4546776763718415e-17,2.894626051048028e-20,25,20,0.4056996748420177,1,1,26,0,liquidity_stealing
0x942faa1b647072fe322fe66e11fe065e38a6d5ea,10.0,2.35130022e-10,2.35130022e-10,2.35130022e-10,11,9,1.0,1,1,48,0,liquidity_stealing
0x65e31d768cba67d8d11fe7df054addcd4e97bdf3,14.0,1e-18,6.751327275497895e-09,1.4811902300000003e-28,17,13,1.0,1,1,70,0,liquidity_stealing
0x62c3b24c15986bcff4f01c2f680e9746be63c158,19.0,1e-18,4.4082305289303914e-10,2.2684839040000002e-27,22,18,0.039159599508772965,1,1,88,0,liquidity_stealing
0xc515c1ae99c1b2926858c256b66158c27683569a,8.0,1.8e-17,0.00031844316674038036,1.0174499999999999e-30,12,4,1.0000000000000004,1,1,30,0,liquidity_stealing
0x505479e8bec20efad03bb2c2f429d9bc5bd75be2,11.0,1.5e-17,0.0002136265238692036,1.05324e-30,21,21,0.23116525299516016,1,2,3,0,liquidity_stealing
0x2aa202f6f1901c7d8f977d981fcd7109553897c5,25.0,2.1e-17,0.00044059333235423704,1.000923e-30,37,29,0.2513423847108057,1,1,1,0,liquidity_stealing
0x02322569685a2fa5090fafae905208abb64a847e,18.0,6e-18,3.3333333333333335e-05,1.0799999999999999e-30,20,19,0.9612712809277544,1,1,94,0,liquidity_stealing
0x49adea0385db0291bf6730f832b8a230cf432fa9,24.0,1.2e-17,0.00014057283429977157,1.0243799999999999e-30,26,9,0.9999999999999998,1,1,40,0,liquidity_stealing
0xed135dd8521c2d44d398c4bf26b2c99857709660,11.0,1e-18,3.475414493007047e-10,2.8773546350000002e-27,13,12,0.34834027681146673,1,1,27,0,liquidity_stealing
0xfc3964d842cdf7d9189b918993e6a5b543a815f2,24.0,0.3,3.957978146023667e-09,22738882.5,26,18,0.5711498666421227,2,1,59,0,liquidity_stealing
0x62f24bbc4a8abfbac46302e61419abe6a6a2884b,26.0,4e-18,1.43862122541756e-05,1.112176e-30,28,27,0.9927701276419415,1,1,63,0,liquidity_stealing
0xbf686da68323d0425f2b0d7e33d3fa11b1239132,3.0,0.43,0.0010368662321020665,178.32579967923857,10,7,0.8322074159337767,1,0,1576839,1,none
0xf30ce6cbbb269aeaf7a180b971d47c23223cd551,16.0,3.63e-16,0.1313314037626628,1.0033319999999999e-30,21,11,0.9971184781242315,1,1,2524,0,liquidity_stealing
0xb508623fda378f788cd9b0bd6a20ff9d294c34ca,6.0,1e-18,2.797176648491303e-10,3.57503342e-27,9,7,0.24043425878134672,1,1,28,0,liquidity_stealing
0xfc50b445b22a1da3770435c9a84b2efbff96b911,7.0,1e-18,5.317973041811979e-09,1.8804157e-28,9,9,0.9548921917564098,1,1,20,0,liquidity_stealing
0xa82e281f952823cff96536715a40e4deec537a11,8.0,1e-18,8.473052221847187e-11,1.1802122468000001e-26,10,10,0.8084749647333266,1,1,16,0,liquidity_stealing
0x209ecf397db6c176239e870b127844a4a2acba66,18.0,2e-18,2.1901175326573904e-06,1.8263860000000002e-30,22,17,0.9887827116998402,1,3,33,0,liquidity_stealing
0x99f106c1cbe266613fbaf8bf5ef5c07d0e6d222f,20.0,252.17,0.00010590987784773331,600413391.0098826,21,21,0.9418383581309688,1,0,22,0,liquidity_stealing
0xcc2c721cb1e9d7ae782f73004902e32d993f8fcc,3.0,0.001505000000000001,5.033338722222225e-12,450004.4850945361,5,4,0.9900827925697577,1,1,544,1,none
0x2a0d4ac7c7603cc543fbfdaad892561a5038a8de,24.0,4.68e-16,0.021808014911463187,1.0043280000000001e-29,26,5,0.9207511992961459,1,1,81,0,liquidity_stealing
0x77dc1f32a15f0c255b7ae0a1f67fc0b46e7b8bba,22.0,3.8605e-14,438.69318181818187,3.3972400000000006e-30,30,19,0.32444475000772394,1,1,102,0,liquidity_stealing
0xcf4c78472a016693490cf31036868eca2ef15627,20.0,23.451660703475593,87269.7348873084,0.006302074716522655,22,18,1.0,1,0,20,1,none
0x1d4af2e8acea4f0859b201653686c12d66f51b49,15.0,1.9e-16,0.036039453717754175,1.0016799999999999e-30,19,11,1.0,1,1,12,0,liquidity_stealing
0x4347de3a9938580edf63cf02f1a3bc0a385986d7,6.0,1e-18,2.6151328175224443e-09,3.82389756e-28,8,8,0.8932084157808252,1,1,135,0,liquidity_stealing
0x3b46c6c1f8ca92b1ee65f2969c4e17f8969ca4a5,23.0,6.744630427476e-06,6.744627352524434e-17,674463.3502428967,24,15,2768167234076.975,1,0,49471,0,dumping
0x81a3da9cee3ca853834577db44370d9f562f0d86,21.0,1.1e-17,0.00011536081717407948,1.048883e-30,23,23,0.29934750629333823,1,1,37,0,liquidity_stealing
0xc5514fc162dd7b9acc70b98d1bc57a94f12d79cb,25.0,273.23035220688314,4.3186297152350783e-05,1728669283.7715,26,27,0.9558976872403467,1,0,8,0,liquidity_stealing
0x404b59c5f27be8f8a35fe8d7b135f34c2b70a9fa,38.0,335.9162593399549,6.671819060340658e-06,16912888714.219162,42,38,0.9820751385780373,1,0,34,0,liquidity_stealing
0x617b0e7d37b5cd55ad584c7e806a71c64ecc2a28,68.0,1e-18,3.6189121890137577e-08,2.7632613e-29,76,39,0.4825209469615973,1,2,5292,0,liquidity_stealing
0xab29085c58d030bdddaf393cc0bc4da173ec67d5,36.0,1e-18,5.234871550101014e-10,1.9102665470000002e-27,39,28,0.325055490549078,1,1,27,0,liquidity_stealing
0x8f62949f13c98a165b304c85259bd80a674013d4,30.0,1e-18,1.8465630899884484e-08,5.4154662e-29,65,23,0.12237553223455755,1,1,86,0,liquidity_stealing
0xd54835ab54d4e658f8155e423c11c0fad4d43ce8,34.0,10.71437354391664,3.890333426896619e-06,29508473.398424584,35,30,0.1143163657527762,1,0,3320,0,liquidity_stealing
0x801eb76a005f8ca2f5c9dc840a1e637ed45e13dd,42.0,1e-18,5.62796852268756e-23,1.7768400728767113e-14,44,31,0.45290269774569875,1,1,75,0,liquidity_stealing
0xec5d722a4ac3146ce13974ade4084c49fc41499a,50.0,0.000132438667002603,3.880220357594537e-18,4520361964.262238,56,49,0.999999999931735,1,0,27,0,dumping
0xa1bfd5b6aafea007e5103c4a10996dd2b7a08a23,32.0,7.7771328e-11,7.7771328e-11,7.7771328e-11,33,21,1.0,1,1,248,0,liquidity_stealing
0xe3e01a564f0b6419cb2e8e8107eb8d6e5cea6e57,32.0,1.02e-16,0.009576565580696647,1.0864020000000002e-30,34,20,0.544829223188115,1,1,30,0,liquidity_stealing
0x4f98fe0dbb2812101a8c8eb18333b24fc3eca77c,79.0,9e-18,6.9885000349425e-05,1.159047e-30,93,46,0.9466967134798775,3,4,7757,0,liquidity_stealing
0x7eb8bca5f3b5b1bde89c14dcf37700d5ba189efa,60.0,1e-18,5.6347646950437183e-08,1.774697e-29,63,44,0.27251542647913973,1,1,131,0,liquidity_stealing
0x1e3686b8c41a37041036379cd068984f840e27d7,80.0,399.9033050437101,0.00031278316236117286,511289201.6873301,81,59,0.6407893001247414,1,0,18,0,liquidity_stealing
0x90bfb39a041db79ca01be09c5a020d2cf48fa5a7,57.0,3e-18,8.43644544431946e-06,1.0668e-30,59,36,0.3287632542133958,1,1,8206,0,liquidity_stealing
0xc40af1e4fecfa05ce6bab79dcd8b373d2e436c4e,1994.0,41.50712633320481,1.8003642468783893e-05,95694054.1019863,2013,812,0.02064965943983843,3,0,184,1,none
0x0e685b78279d58109e1f6b428cab3fa37aea8285,789.0,0.014135775096286517,2.7510629397336722e-14,7263379353.732215,798,349,0.2313722717734838,3,2,39,0,liquidity_stealing
0x1016f3c0a1939fa27538339da7e2a300031b6f37,1610.0,26.82325487107049,5.353281332549248e-06,134401119.08629784,1636,725,0.2575240619551507,4,2,1124,1,none
0x7ccc863ece2e15bc45ac0565d410da7a3340ad98,134.0,65.55973887623686,1.2822350812144129e-05,335202134.4985839,1126,705,0.21661619686289496,61,2,423354,1,none
0xe6e4d00d9ffc587af310a9aa23dd70610c431d01,97.0,1e-18,5.94840804959254e-10,1.681122061e-27,104,90,0.04422317841648815,1,3,20,0,liquidity_stealing
0x1de37068c22bc477a3d6f512e09c186d937e5a27,39.0,3.4538751175104903,3.383825158318089e-05,352537.5209778117,57,29,0.4635122622540055,2,0,25166,1,none
0x68037790a0229e9ce6eaa8a99ea92964106c4703,10.0,1.000184597571758,0.0005911588824604162,1692.2172006554665,5208,3717,0.2371092670534784,1,0,811994,1,none
0xc477d038d5420c6a9e0b031712f61c5120090de9,2400.0,170.86718175305904,0.002035616156675457,14342386.556763627,10935,6324,0.2343637565401374,21,3,136433,1,none
0x62dc4817588d53a056cbbd18231d91ffccd34b2a,786.0,102.05606007838587,0.0021646422084305593,4811621.688867769,1982,1097,0.6278839262804378,1,0,219941,1,none
0x81f92a8a6d94bd146c6cc4d5d76cc127bc131469,737.0,3.237409035142375,1.6854321983109833e-09,6218474567.724879,758,207,0.03129157671307634,2,1,519,1,none
0x0ada190c81b814548ddc2f6adc4a689ce7c1fe73,21.0,454.2138633578519,0.010566226759062833,19525440.667787064,268,148,0.5197872842915934,14,0,21,1,none
0x7c543e1604a1797aa0be58aced220e8663e7d974,590.0,3.1303784614803964,8.911413973284224e-09,1099631252.8491971,599,182,0.24733162553926422,1,0,104,1,none
0x0fa7e3e89cfbbf9a6d4c48d8d4b106e01558ec70,28.0,19.800132672900133,0.050818395527551484,7714.632659976402,93,41,0.0685682180899643,3,1,136,1,none
0x1017b147b05942ead495e2ad6d606ef3c94b8fd0,107.0,1.6032429890388995,83.44263714108978,0.030804252717423344,120,46,0.1339135142343412,1,0,5068,1,none
0xf4307928b4f1581c1b50b1cf7850ecfe41a10a5b,187.0,1.9126839514193508,6.050913522992773e-15,604596295107473.6,217,97,0.3565563701603223,1,1,369,1,none
0x4cd647a09a7198fab0e6e85442732479e3be7ab9,537.0,9.405569106056818,0.0010969381021377815,80646.96634787766,556,228,0.13094193667303844,1,0,191,1,none
0xe85e3b73eff4873d99de238a9cb256df847b803d,7417.0,79.71923907478947,8.736421438845801e-13,7274325217881250.0,7469,2305,0.2599063413596827,5,0,106,1,none
0x0e4e860f8bdc0a494cc9c4649ba1d0291d8d5f6b,233.0,3.3098302558431087,5.512234878111124e-06,1987392.875074365,238,79,0.3757942883213097,2,1,60,1,none
0x2c27bab9b55d3dfe0119b457334c4099e0b4c365,205.0,1.6764178968344776,0.02417918260977298,116.23126431457644,391,83,0.24053596771725427,16,2,1915,1,none
